"l","a","b","u"
0.09,-0.448818898,-0.582677165,0
0.14,-0.448818898,-0.582677165,-0.588914490956153
0.19,-0.448818898,-0.582677165,-1.13864527231967
0.24,-0.448818898,-0.582677165,-1.61000863449792
0.29,-0.448818898,-0.582677165,-1.96382086789826
0.34,-0.448818898,-0.582677165,-2.17756325202256
0.39,-0.448818898,-0.582677165,-2.29537702275073
0.44,-0.448818898,-0.582677165,-2.37806840505716
0.49,-0.448818898,-0.582677165,-2.48644362391628
0.54,-0.448818898,-0.582677165,-2.65515950774951
0.59,-0.448818898,-0.582677165,-2.81427529876648
0.64,-0.448818898,-0.582677165,-2.86770084262383
0.69,-0.448818898,-0.582677165,-2.71934598497821
0.74,-0.448818898,-0.582677165,-2.30154687037043
0.79,-0.448818898,-0.582677165,-1.66034483887792
0.84,-0.448818898,-0.582677165,-0.870207529462248
0.89,-0.448818898,-0.582677165,-0.00560258108499756
0.09,-0.348818898,-0.582677165,0.828600627124254
0.14,-0.348818898,-0.582677165,0.2396861361681
0.19,-0.348818898,-0.582677165,-0.310044645195417
0.24,-0.348818898,-0.582677165,-0.781408007373663
0.29,-0.348818898,-0.582677165,-1.135220240774
0.34,-0.348818898,-0.582677165,-1.34896262489831
0.39,-0.348818898,-0.582677165,-1.46677639562647
0.44,-0.348818898,-0.582677165,-1.54946777793291
0.49,-0.348818898,-0.582677165,-1.65784299679202
0.54,-0.348818898,-0.582677165,-1.82655888062526
0.59,-0.348818898,-0.582677165,-1.98567467164222
0.64,-0.348818898,-0.582677165,-2.03910021549957
0.69,-0.348818898,-0.582677165,-1.89074535785396
0.74,-0.348818898,-0.582677165,-1.47294624324618
0.79,-0.348818898,-0.582677165,-0.831744211753664
0.84,-0.348818898,-0.582677165,-0.041606902337994
0.89,-0.348818898,-0.582677165,0.822998046039256
0.09,-0.248818898,-0.582677165,1.61873690935456
0.14,-0.248818898,-0.582677165,1.02982241839841
0.19,-0.248818898,-0.582677165,0.480091637034888
0.24,-0.248818898,-0.582677165,0.00872827485664174
0.29,-0.248818898,-0.582677165,-0.345083958543698
0.34,-0.248818898,-0.582677165,-0.558826342668001
0.39,-0.248818898,-0.582677165,-0.676640113396169
0.44,-0.248818898,-0.582677165,-0.759331495702605
0.49,-0.248818898,-0.582677165,-0.867706714561718
0.54,-0.248818898,-0.582677165,-1.03642259839495
0.59,-0.248818898,-0.582677165,-1.19553838941192
0.64,-0.248818898,-0.582677165,-1.24896393326927
0.69,-0.248818898,-0.582677165,-1.10060907562365
0.74,-0.248818898,-0.582677165,-0.682809961015874
0.79,-0.248818898,-0.582677165,-0.0416079295233593
0.84,-0.248818898,-0.582677165,0.748529379892311
0.89,-0.248818898,-0.582677165,1.61313432826956
0.09,-0.148818898,-0.582677165,2.32465147463801
0.14,-0.148818898,-0.582677165,1.73573698368185
0.19,-0.148818898,-0.582677165,1.18600620231834
0.24,-0.148818898,-0.582677165,0.71464284014009
0.29,-0.148818898,-0.582677165,0.36083060673975
0.34,-0.148818898,-0.582677165,0.147088222615448
0.39,-0.148818898,-0.582677165,0.0292744518872796
0.44,-0.148818898,-0.582677165,-0.0534169304191572
0.49,-0.148818898,-0.582677165,-0.161792149278269
0.54,-0.148818898,-0.582677165,-0.330508033111504
0.59,-0.148818898,-0.582677165,-0.489623824128469
0.64,-0.148818898,-0.582677165,-0.543049367985819
0.69,-0.148818898,-0.582677165,-0.394694510340202
0.74,-0.148818898,-0.582677165,0.0231046042675742
0.79,-0.148818898,-0.582677165,0.664306635760089
0.84,-0.148818898,-0.582677165,1.45444394517576
0.89,-0.148818898,-0.582677165,2.31904889355301
0.09,-0.048818898,-0.582677165,2.87141484228584
0.14,-0.048818898,-0.582677165,2.28250035132968
0.19,-0.048818898,-0.582677165,1.73276956996617
0.24,-0.048818898,-0.582677165,1.26140620778792
0.29,-0.048818898,-0.582677165,0.907593974387579
0.34,-0.048818898,-0.582677165,0.693851590263276
0.39,-0.048818898,-0.582677165,0.576037819535109
0.44,-0.048818898,-0.582677165,0.493346437228672
0.49,-0.048818898,-0.582677165,0.384971218369559
0.54,-0.048818898,-0.582677165,0.216255334536325
0.59,-0.048818898,-0.582677165,0.05713954351936
0.64,-0.048818898,-0.582677165,0.00371399966200947
0.69,-0.048818898,-0.582677165,0.152068857307627
0.74,-0.048818898,-0.582677165,0.569867971915403
0.79,-0.048818898,-0.582677165,1.21107000340792
0.84,-0.048818898,-0.582677165,2.00120731282359
0.89,-0.048818898,-0.582677165,2.86581226120084
0.09,0.051181102,-0.582677165,3.17680450445033
0.14,0.051181102,-0.582677165,2.58789001349417
0.19,0.051181102,-0.582677165,2.03815923213065
0.24,0.051181102,-0.582677165,1.56679586995241
0.29,0.051181102,-0.582677165,1.21298363655207
0.34,0.051181102,-0.582677165,0.999241252427766
0.39,0.051181102,-0.582677165,0.881427481699598
0.44,0.051181102,-0.582677165,0.798736099393161
0.49,0.051181102,-0.582677165,0.690360880534049
0.54,0.051181102,-0.582677165,0.521644996700815
0.59,0.051181102,-0.582677165,0.362529205683849
0.64,0.051181102,-0.582677165,0.309103661826499
0.69,0.051181102,-0.582677165,0.457458519472116
0.74,0.051181102,-0.582677165,0.875257634079893
0.79,0.051181102,-0.582677165,1.51645966557241
0.84,0.051181102,-0.582677165,2.30659697498808
0.89,0.051181102,-0.582677165,3.17120192336533
0.09,0.151181102,-0.582677165,3.18658294479928
0.14,0.151181102,-0.582677165,2.59766845384313
0.19,0.151181102,-0.582677165,2.04793767247961
0.24,0.151181102,-0.582677165,1.57657431030137
0.29,0.151181102,-0.582677165,1.22276207690103
0.34,0.151181102,-0.582677165,1.00901969277672
0.39,0.151181102,-0.582677165,0.891205922048556
0.44,0.151181102,-0.582677165,0.808514539742119
0.49,0.151181102,-0.582677165,0.700139320883006
0.54,0.151181102,-0.582677165,0.531423437049772
0.59,0.151181102,-0.582677165,0.372307646032807
0.64,0.151181102,-0.582677165,0.318882102175456
0.69,0.151181102,-0.582677165,0.467236959821073
0.74,0.151181102,-0.582677165,0.88503607442885
0.79,0.151181102,-0.582677165,1.52623810592136
0.84,0.151181102,-0.582677165,2.31637541533704
0.89,0.151181102,-0.582677165,3.18098036371429
0.09,0.251181102,-0.582677165,2.95845261306265
0.14,0.251181102,-0.582677165,2.3695381221065
0.19,0.251181102,-0.582677165,1.81980734074298
0.24,0.251181102,-0.582677165,1.34844397856474
0.29,0.251181102,-0.582677165,0.994631745164397
0.34,0.251181102,-0.582677165,0.780889361040094
0.39,0.251181102,-0.582677165,0.663075590311927
0.44,0.251181102,-0.582677165,0.58038420800549
0.49,0.251181102,-0.582677165,0.472008989146377
0.54,0.251181102,-0.582677165,0.303293105313143
0.59,0.251181102,-0.582677165,0.144177314296178
0.64,0.251181102,-0.582677165,0.0907517704388274
0.69,0.251181102,-0.582677165,0.239106628084444
0.74,0.251181102,-0.582677165,0.656905742692221
0.79,0.251181102,-0.582677165,1.29810777418474
0.84,0.251181102,-0.582677165,2.08824508360041
0.89,0.251181102,-0.582677165,2.95285003197766
0.09,0.351181102,-0.582677165,2.57810095048591
0.14,0.351181102,-0.582677165,1.98918645952976
0.19,0.351181102,-0.582677165,1.43945567816624
0.24,0.351181102,-0.582677165,0.968092315987995
0.29,0.351181102,-0.582677165,0.614280082587656
0.34,0.351181102,-0.582677165,0.400537698463353
0.39,0.351181102,-0.582677165,0.282723927735185
0.44,0.351181102,-0.582677165,0.200032545428748
0.49,0.351181102,-0.582677165,0.0916573265696359
0.54,0.351181102,-0.582677165,-0.0770585572635984
0.59,0.351181102,-0.582677165,-0.236174348280564
0.64,0.351181102,-0.582677165,-0.289599892137914
0.69,0.351181102,-0.582677165,-0.141245034492297
0.74,0.351181102,-0.582677165,0.27655408011548
0.79,0.351181102,-0.582677165,0.917756111607994
0.84,0.351181102,-0.582677165,1.70789342102366
0.89,0.351181102,-0.582677165,2.57249836940091
0.09,0.451181102,-0.582677165,2.12247864890651
0.14,0.451181102,-0.582677165,1.53356415795036
0.19,0.451181102,-0.582677165,0.983833376586838
0.24,0.451181102,-0.582677165,0.512470014408592
0.29,0.451181102,-0.582677165,0.158657781008252
0.34,0.451181102,-0.582677165,-0.0550846031160503
0.39,0.451181102,-0.582677165,-0.172898373844218
0.44,0.451181102,-0.582677165,-0.255589756150655
0.49,0.451181102,-0.582677165,-0.363964975009767
0.54,0.451181102,-0.582677165,-0.532680858843002
0.59,0.451181102,-0.582677165,-0.691796649859967
0.64,0.451181102,-0.582677165,-0.745222193717317
0.69,0.451181102,-0.582677165,-0.5968673360717
0.74,0.451181102,-0.582677165,-0.179068221463924
0.79,0.451181102,-0.582677165,0.462133810028591
0.84,0.451181102,-0.582677165,1.25227111944426
0.89,0.451181102,-0.582677165,2.11687606782151
0.09,0.551181102,-0.582677165,1.63358940252979
0.14,0.551181102,-0.582677165,1.04467491157364
0.19,0.551181102,-0.582677165,0.494944130210118
0.24,0.551181102,-0.582677165,0.023580768031872
0.29,0.551181102,-0.582677165,-0.330231465368468
0.34,0.551181102,-0.582677165,-0.54397384949277
0.39,0.551181102,-0.582677165,-0.661787620220938
0.44,0.551181102,-0.582677165,-0.744479002527375
0.49,0.551181102,-0.582677165,-0.852854221386487
0.54,0.551181102,-0.582677165,-1.02157010521972
0.59,0.551181102,-0.582677165,-1.18068589623669
0.64,0.551181102,-0.582677165,-1.23411144009404
0.69,0.551181102,-0.582677165,-1.08575658244842
0.74,0.551181102,-0.582677165,-0.667957467840644
0.79,0.551181102,-0.582677165,-0.026755436348129
0.84,0.551181102,-0.582677165,0.763381873067541
0.89,0.551181102,-0.582677165,1.62798682144479
0.09,-0.448818898,-0.482677165,0.583547284615821
0.14,-0.448818898,-0.482677165,-0.00536720634033205
0.19,-0.448818898,-0.482677165,-0.55509798770385
0.24,-0.448818898,-0.482677165,-1.0264613498821
0.29,-0.448818898,-0.482677165,-1.38027358328244
0.34,-0.448818898,-0.482677165,-1.59401596740674
0.39,-0.448818898,-0.482677165,-1.71182973813491
0.44,-0.448818898,-0.482677165,-1.79452112044134
0.49,-0.448818898,-0.482677165,-1.90289633930046
0.54,-0.448818898,-0.482677165,-2.07161222313369
0.59,-0.448818898,-0.482677165,-2.23072801415065
0.64,-0.448818898,-0.482677165,-2.28415355800801
0.69,-0.448818898,-0.482677165,-2.13579870036239
0.74,-0.448818898,-0.482677165,-1.71799958575461
0.79,-0.448818898,-0.482677165,-1.0767975542621
0.84,-0.448818898,-0.482677165,-0.286660244846426
0.89,-0.448818898,-0.482677165,0.577944703530824
0.09,-0.348818898,-0.482677165,1.41214791174007
0.14,-0.348818898,-0.482677165,0.823233420783922
0.19,-0.348818898,-0.482677165,0.273502639420404
0.24,-0.348818898,-0.482677165,-0.197860722757842
0.29,-0.348818898,-0.482677165,-0.551672956158182
0.34,-0.348818898,-0.482677165,-0.765415340282485
0.39,-0.348818898,-0.482677165,-0.883229111010652
0.44,-0.348818898,-0.482677165,-0.965920493317089
0.49,-0.348818898,-0.482677165,-1.0742957121762
0.54,-0.348818898,-0.482677165,-1.24301159600944
0.59,-0.348818898,-0.482677165,-1.4021273870264
0.64,-0.348818898,-0.482677165,-1.45555293088375
0.69,-0.348818898,-0.482677165,-1.30719807323813
0.74,-0.348818898,-0.482677165,-0.889398958630358
0.79,-0.348818898,-0.482677165,-0.248196927137843
0.84,-0.348818898,-0.482677165,0.541940382277827
0.89,-0.348818898,-0.482677165,1.40654533065508
0.09,-0.248818898,-0.482677165,2.20228419397038
0.14,-0.248818898,-0.482677165,1.61336970301423
0.19,-0.248818898,-0.482677165,1.06363892165071
0.24,-0.248818898,-0.482677165,0.592275559472463
0.29,-0.248818898,-0.482677165,0.238463326072123
0.34,-0.248818898,-0.482677165,0.0247209419478205
0.39,-0.248818898,-0.482677165,-0.0930928287803474
0.44,-0.248818898,-0.482677165,-0.175784211086784
0.49,-0.248818898,-0.482677165,-0.284159429945896
0.54,-0.248818898,-0.482677165,-0.452875313779131
0.59,-0.248818898,-0.482677165,-0.611991104796096
0.64,-0.248818898,-0.482677165,-0.665416648653447
0.69,-0.248818898,-0.482677165,-0.517061791007829
0.74,-0.248818898,-0.482677165,-0.0992626764000528
0.79,-0.248818898,-0.482677165,0.541939355092462
0.84,-0.248818898,-0.482677165,1.33207666450813
0.89,-0.248818898,-0.482677165,2.19668161288538
0.09,-0.148818898,-0.482677165,2.90819875925383
0.14,-0.148818898,-0.482677165,2.31928426829767
0.19,-0.148818898,-0.482677165,1.76955348693416
0.24,-0.148818898,-0.482677165,1.29819012475591
0.29,-0.148818898,-0.482677165,0.944377891355571
0.34,-0.148818898,-0.482677165,0.730635507231269
0.39,-0.148818898,-0.482677165,0.612821736503101
0.44,-0.148818898,-0.482677165,0.530130354196664
0.49,-0.148818898,-0.482677165,0.421755135337552
0.54,-0.148818898,-0.482677165,0.253039251504317
0.59,-0.148818898,-0.482677165,0.0939234604873522
0.64,-0.148818898,-0.482677165,0.0404979166300017
0.69,-0.148818898,-0.482677165,0.188852774275619
0.74,-0.148818898,-0.482677165,0.606651888883395
0.79,-0.148818898,-0.482677165,1.24785392037591
0.84,-0.148818898,-0.482677165,2.03799122979158
0.89,-0.148818898,-0.482677165,2.90259617816883
0.09,-0.048818898,-0.482677165,3.45496212690166
0.14,-0.048818898,-0.482677165,2.8660476359455
0.19,-0.048818898,-0.482677165,2.31631685458199
0.24,-0.048818898,-0.482677165,1.84495349240374
0.29,-0.048818898,-0.482677165,1.4911412590034
0.34,-0.048818898,-0.482677165,1.2773988748791
0.39,-0.048818898,-0.482677165,1.15958510415093
0.44,-0.048818898,-0.482677165,1.07689372184449
0.49,-0.048818898,-0.482677165,0.968518502985381
0.54,-0.048818898,-0.482677165,0.799802619152146
0.59,-0.048818898,-0.482677165,0.640686828135181
0.64,-0.048818898,-0.482677165,0.587261284277831
0.69,-0.048818898,-0.482677165,0.735616141923448
0.74,-0.048818898,-0.482677165,1.15341525653122
0.79,-0.048818898,-0.482677165,1.79461728802374
0.84,-0.048818898,-0.482677165,2.58475459743941
0.89,-0.048818898,-0.482677165,3.44935954581666
0.09,0.051181102,-0.482677165,3.76035178906615
0.14,0.051181102,-0.482677165,3.17143729810999
0.19,0.051181102,-0.482677165,2.62170651674648
0.24,0.051181102,-0.482677165,2.15034315456823
0.29,0.051181102,-0.482677165,1.79653092116789
0.34,0.051181102,-0.482677165,1.58278853704359
0.39,0.051181102,-0.482677165,1.46497476631542
0.44,0.051181102,-0.482677165,1.38228338400898
0.49,0.051181102,-0.482677165,1.27390816514987
0.54,0.051181102,-0.482677165,1.10519228131664
0.59,0.051181102,-0.482677165,0.946076490299671
0.64,0.051181102,-0.482677165,0.89265094644232
0.69,0.051181102,-0.482677165,1.04100580408794
0.74,0.051181102,-0.482677165,1.45880491869571
0.79,0.051181102,-0.482677165,2.10000695018823
0.84,0.051181102,-0.482677165,2.8901442596039
0.89,0.051181102,-0.482677165,3.75474920798115
0.09,0.151181102,-0.482677165,3.7701302294151
0.14,0.151181102,-0.482677165,3.18121573845895
0.19,0.151181102,-0.482677165,2.63148495709543
0.24,0.151181102,-0.482677165,2.16012159491719
0.29,0.151181102,-0.482677165,1.80630936151685
0.34,0.151181102,-0.482677165,1.59256697739254
0.39,0.151181102,-0.482677165,1.47475320666438
0.44,0.151181102,-0.482677165,1.39206182435794
0.49,0.151181102,-0.482677165,1.28368660549883
0.54,0.151181102,-0.482677165,1.11497072166559
0.59,0.151181102,-0.482677165,0.955854930648628
0.64,0.151181102,-0.482677165,0.902429386791278
0.69,0.151181102,-0.482677165,1.05078424443689
0.74,0.151181102,-0.482677165,1.46858335904467
0.79,0.151181102,-0.482677165,2.10978539053719
0.84,0.151181102,-0.482677165,2.89992269995286
0.89,0.151181102,-0.482677165,3.76452764833011
0.09,0.251181102,-0.482677165,3.54199989767848
0.14,0.251181102,-0.482677165,2.95308540672232
0.19,0.251181102,-0.482677165,2.4033546253588
0.24,0.251181102,-0.482677165,1.93199126318056
0.29,0.251181102,-0.482677165,1.57817902978022
0.34,0.251181102,-0.482677165,1.36443664565592
0.39,0.251181102,-0.482677165,1.24662287492775
0.44,0.251181102,-0.482677165,1.16393149262131
0.49,0.251181102,-0.482677165,1.0555562737622
0.54,0.251181102,-0.482677165,0.886840389928964
0.59,0.251181102,-0.482677165,0.727724598911999
0.64,0.251181102,-0.482677165,0.674299055054649
0.69,0.251181102,-0.482677165,0.822653912700266
0.74,0.251181102,-0.482677165,1.24045302730804
0.79,0.251181102,-0.482677165,1.88165505880056
0.84,0.251181102,-0.482677165,2.67179236821623
0.89,0.251181102,-0.482677165,3.53639731659348
0.09,0.351181102,-0.482677165,3.16164823510173
0.14,0.351181102,-0.482677165,2.57273374414558
0.19,0.351181102,-0.482677165,2.02300296278206
0.24,0.351181102,-0.482677165,1.55163960060382
0.29,0.351181102,-0.482677165,1.19782736720348
0.34,0.351181102,-0.482677165,0.984084983079174
0.39,0.351181102,-0.482677165,0.866271212351006
0.44,0.351181102,-0.482677165,0.783579830044569
0.49,0.351181102,-0.482677165,0.675204611185457
0.54,0.351181102,-0.482677165,0.506488727352223
0.59,0.351181102,-0.482677165,0.347372936335258
0.64,0.351181102,-0.482677165,0.293947392477907
0.69,0.351181102,-0.482677165,0.442302250123524
0.74,0.351181102,-0.482677165,0.860101364731301
0.79,0.351181102,-0.482677165,1.50130339622382
0.84,0.351181102,-0.482677165,2.29144070563949
0.89,0.351181102,-0.482677165,3.15604565401674
0.09,0.451181102,-0.482677165,2.70602593352233
0.14,0.451181102,-0.482677165,2.11711144256618
0.19,0.451181102,-0.482677165,1.56738066120266
0.24,0.451181102,-0.482677165,1.09601729902441
0.29,0.451181102,-0.482677165,0.742205065624074
0.34,0.451181102,-0.482677165,0.528462681499771
0.39,0.451181102,-0.482677165,0.410648910771603
0.44,0.451181102,-0.482677165,0.327957528465166
0.49,0.451181102,-0.482677165,0.219582309606054
0.54,0.451181102,-0.482677165,0.0508664257728195
0.59,0.451181102,-0.482677165,-0.108249365244146
0.64,0.451181102,-0.482677165,-0.161674909101496
0.69,0.451181102,-0.482677165,-0.0133200514558791
0.74,0.451181102,-0.482677165,0.404479063151898
0.79,0.451181102,-0.482677165,1.04568109464441
0.84,0.451181102,-0.482677165,1.83581840406008
0.89,0.451181102,-0.482677165,2.70042335243733
0.09,0.551181102,-0.482677165,2.21713668714561
0.14,0.551181102,-0.482677165,1.62822219618946
0.19,0.551181102,-0.482677165,1.07849141482594
0.24,0.551181102,-0.482677165,0.607128052647693
0.29,0.551181102,-0.482677165,0.253315819247353
0.34,0.551181102,-0.482677165,0.0395734351230508
0.39,0.551181102,-0.482677165,-0.0782403356051171
0.44,0.551181102,-0.482677165,-0.160931717911554
0.49,0.551181102,-0.482677165,-0.269306936770666
0.54,0.551181102,-0.482677165,-0.438022820603901
0.59,0.551181102,-0.482677165,-0.597138611620866
0.64,0.551181102,-0.482677165,-0.650564155478216
0.69,0.551181102,-0.482677165,-0.502209297832599
0.74,0.551181102,-0.482677165,-0.0844101832248225
0.79,0.551181102,-0.482677165,0.556791848267692
0.84,0.551181102,-0.482677165,1.34692915768336
0.89,0.551181102,-0.482677165,2.21153410606061
0.09,-0.448818898,-0.382677165,1.03374714341828
0.14,-0.448818898,-0.382677165,0.444832652462122
0.19,-0.448818898,-0.382677165,-0.104898128901395
0.24,-0.448818898,-0.382677165,-0.576261491079641
0.29,-0.448818898,-0.382677165,-0.930073724479981
0.34,-0.448818898,-0.382677165,-1.14381610860428
0.39,-0.448818898,-0.382677165,-1.26162987933245
0.44,-0.448818898,-0.382677165,-1.34432126163889
0.49,-0.448818898,-0.382677165,-1.452696480498
0.54,-0.448818898,-0.382677165,-1.62141236433124
0.59,-0.448818898,-0.382677165,-1.7805281553482
0.64,-0.448818898,-0.382677165,-1.83395369920555
0.69,-0.448818898,-0.382677165,-1.68559884155993
0.74,-0.448818898,-0.382677165,-1.26779972695216
0.79,-0.448818898,-0.382677165,-0.626597695459642
0.84,-0.448818898,-0.382677165,0.163539613956028
0.89,-0.448818898,-0.382677165,1.02814456233328
0.09,-0.348818898,-0.382677165,1.86234777054253
0.14,-0.348818898,-0.382677165,1.27343327958638
0.19,-0.348818898,-0.382677165,0.723702498222859
0.24,-0.348818898,-0.382677165,0.252339136044612
0.29,-0.348818898,-0.382677165,-0.101473097355727
0.34,-0.348818898,-0.382677165,-0.31521548148003
0.39,-0.348818898,-0.382677165,-0.433029252208198
0.44,-0.348818898,-0.382677165,-0.515720634514635
0.49,-0.348818898,-0.382677165,-0.624095853373747
0.54,-0.348818898,-0.382677165,-0.792811737206981
0.59,-0.348818898,-0.382677165,-0.951927528223947
0.64,-0.348818898,-0.382677165,-1.0053530720813
0.69,-0.348818898,-0.382677165,-0.85699821443568
0.74,-0.348818898,-0.382677165,-0.439199099827903
0.79,-0.348818898,-0.382677165,0.202002931664611
0.84,-0.348818898,-0.382677165,0.992140241080282
0.89,-0.348818898,-0.382677165,1.85674518945753
0.09,-0.248818898,-0.382677165,2.65248405277283
0.14,-0.248818898,-0.382677165,2.06356956181668
0.19,-0.248818898,-0.382677165,1.51383878045316
0.24,-0.248818898,-0.382677165,1.04247541827492
0.29,-0.248818898,-0.382677165,0.688663184874578
0.34,-0.248818898,-0.382677165,0.474920800750275
0.39,-0.248818898,-0.382677165,0.357107030022107
0.44,-0.248818898,-0.382677165,0.27441564771567
0.49,-0.248818898,-0.382677165,0.166040428856558
0.54,-0.248818898,-0.382677165,-0.00267545497667632
0.59,-0.248818898,-0.382677165,-0.161791245993641
0.64,-0.248818898,-0.382677165,-0.215216789850992
0.69,-0.248818898,-0.382677165,-0.066861932205375
0.74,-0.248818898,-0.382677165,0.350937182402402
0.79,-0.248818898,-0.382677165,0.992139213894916
0.84,-0.248818898,-0.382677165,1.78227652331059
0.89,-0.248818898,-0.382677165,2.64688147168784
0.09,-0.148818898,-0.382677165,3.35839861805628
0.14,-0.148818898,-0.382677165,2.76948412710013
0.19,-0.148818898,-0.382677165,2.21975334573661
0.24,-0.148818898,-0.382677165,1.74838998355837
0.29,-0.148818898,-0.382677165,1.39457775015803
0.34,-0.148818898,-0.382677165,1.18083536603372
0.39,-0.148818898,-0.382677165,1.06302159530556
0.44,-0.148818898,-0.382677165,0.980330212999118
0.49,-0.148818898,-0.382677165,0.871954994140006
0.54,-0.148818898,-0.382677165,0.703239110306772
0.59,-0.148818898,-0.382677165,0.544123319289807
0.64,-0.148818898,-0.382677165,0.490697775432456
0.69,-0.148818898,-0.382677165,0.639052633078073
0.74,-0.148818898,-0.382677165,1.05685174768585
0.79,-0.148818898,-0.382677165,1.69805377917836
0.84,-0.148818898,-0.382677165,2.48819108859403
0.89,-0.148818898,-0.382677165,3.35279603697129
0.09,-0.048818898,-0.382677165,3.90516198570411
0.14,-0.048818898,-0.382677165,3.31624749474796
0.19,-0.048818898,-0.382677165,2.76651671338444
0.24,-0.048818898,-0.382677165,2.29515335120619
0.29,-0.048818898,-0.382677165,1.94134111780585
0.34,-0.048818898,-0.382677165,1.72759873368155
0.39,-0.048818898,-0.382677165,1.60978496295338
0.44,-0.048818898,-0.382677165,1.52709358064695
0.49,-0.048818898,-0.382677165,1.41871836178784
0.54,-0.048818898,-0.382677165,1.2500024779546
0.59,-0.048818898,-0.382677165,1.09088668693764
0.64,-0.048818898,-0.382677165,1.03746114308029
0.69,-0.048818898,-0.382677165,1.1858160007259
0.74,-0.048818898,-0.382677165,1.60361511533368
0.79,-0.048818898,-0.382677165,2.24481714682619
0.84,-0.048818898,-0.382677165,3.03495445624186
0.89,-0.048818898,-0.382677165,3.89955940461911
0.09,0.051181102,-0.382677165,4.2105516478686
0.14,0.051181102,-0.382677165,3.62163715691245
0.19,0.051181102,-0.382677165,3.07190637554893
0.24,0.051181102,-0.382677165,2.60054301337068
0.29,0.051181102,-0.382677165,2.24673077997034
0.34,0.051181102,-0.382677165,2.03298839584604
0.39,0.051181102,-0.382677165,1.91517462511787
0.44,0.051181102,-0.382677165,1.83248324281144
0.49,0.051181102,-0.382677165,1.72410802395232
0.54,0.051181102,-0.382677165,1.55539214011909
0.59,0.051181102,-0.382677165,1.39627634910213
0.64,0.051181102,-0.382677165,1.34285080524477
0.69,0.051181102,-0.382677165,1.49120566289039
0.74,0.051181102,-0.382677165,1.90900477749817
0.79,0.051181102,-0.382677165,2.55020680899068
0.84,0.051181102,-0.382677165,3.34034411840635
0.89,0.051181102,-0.382677165,4.2049490667836
0.09,0.151181102,-0.382677165,4.22033008821756
0.14,0.151181102,-0.382677165,3.63141559726141
0.19,0.151181102,-0.382677165,3.08168481589789
0.24,0.151181102,-0.382677165,2.61032145371964
0.29,0.151181102,-0.382677165,2.2565092203193
0.34,0.151181102,-0.382677165,2.042766836195
0.39,0.151181102,-0.382677165,1.92495306546683
0.44,0.151181102,-0.382677165,1.84226168316039
0.49,0.151181102,-0.382677165,1.73388646430128
0.54,0.151181102,-0.382677165,1.56517058046805
0.59,0.151181102,-0.382677165,1.40605478945108
0.64,0.151181102,-0.382677165,1.35262924559373
0.69,0.151181102,-0.382677165,1.50098410323935
0.74,0.151181102,-0.382677165,1.91878321784713
0.79,0.151181102,-0.382677165,2.55998524933964
0.84,0.151181102,-0.382677165,3.35012255875531
0.89,0.151181102,-0.382677165,4.21472750713256
0.09,0.251181102,-0.382677165,3.99219975648093
0.14,0.251181102,-0.382677165,3.40328526552478
0.19,0.251181102,-0.382677165,2.85355448416126
0.24,0.251181102,-0.382677165,2.38219112198301
0.29,0.251181102,-0.382677165,2.02837888858267
0.34,0.251181102,-0.382677165,1.81463650445837
0.39,0.251181102,-0.382677165,1.6968227337302
0.44,0.251181102,-0.382677165,1.61413135142377
0.49,0.251181102,-0.382677165,1.50575613256465
0.54,0.251181102,-0.382677165,1.33704024873142
0.59,0.251181102,-0.382677165,1.17792445771445
0.64,0.251181102,-0.382677165,1.1244989138571
0.69,0.251181102,-0.382677165,1.27285377150272
0.74,0.251181102,-0.382677165,1.6906528861105
0.79,0.251181102,-0.382677165,2.33185491760301
0.84,0.251181102,-0.382677165,3.12199222701868
0.89,0.251181102,-0.382677165,3.98659717539593
0.09,0.351181102,-0.382677165,3.61184809390419
0.14,0.351181102,-0.382677165,3.02293360294803
0.19,0.351181102,-0.382677165,2.47320282158452
0.24,0.351181102,-0.382677165,2.00183945940627
0.29,0.351181102,-0.382677165,1.64802722600593
0.34,0.351181102,-0.382677165,1.43428484188163
0.39,0.351181102,-0.382677165,1.31647107115346
0.44,0.351181102,-0.382677165,1.23377968884702
0.49,0.351181102,-0.382677165,1.12540446998791
0.54,0.351181102,-0.382677165,0.956688586154677
0.59,0.351181102,-0.382677165,0.797572795137712
0.64,0.351181102,-0.382677165,0.744147251280362
0.69,0.351181102,-0.382677165,0.892502108925979
0.74,0.351181102,-0.382677165,1.31030122353376
0.79,0.351181102,-0.382677165,1.95150325502627
0.84,0.351181102,-0.382677165,2.74164056444194
0.89,0.351181102,-0.382677165,3.60624551281919
0.09,0.451181102,-0.382677165,3.15622579232478
0.14,0.451181102,-0.382677165,2.56731130136863
0.19,0.451181102,-0.382677165,2.01758052000511
0.24,0.451181102,-0.382677165,1.54621715782687
0.29,0.451181102,-0.382677165,1.19240492442653
0.34,0.451181102,-0.382677165,0.978662540302225
0.39,0.451181102,-0.382677165,0.860848769574057
0.44,0.451181102,-0.382677165,0.778157387267621
0.49,0.451181102,-0.382677165,0.669782168408508
0.54,0.451181102,-0.382677165,0.501066284575274
0.59,0.451181102,-0.382677165,0.341950493558309
0.64,0.451181102,-0.382677165,0.288524949700958
0.69,0.451181102,-0.382677165,0.436879807346575
0.74,0.451181102,-0.382677165,0.854678921954352
0.79,0.451181102,-0.382677165,1.49588095344687
0.84,0.451181102,-0.382677165,2.28601826286254
0.89,0.451181102,-0.382677165,3.15062321123979
0.09,0.551181102,-0.382677165,2.66733654594806
0.14,0.551181102,-0.382677165,2.07842205499191
0.19,0.551181102,-0.382677165,1.52869127362839
0.24,0.551181102,-0.382677165,1.05732791145015
0.29,0.551181102,-0.382677165,0.703515678049808
0.34,0.551181102,-0.382677165,0.489773293925505
0.39,0.551181102,-0.382677165,0.371959523197337
0.44,0.551181102,-0.382677165,0.289268140890901
0.49,0.551181102,-0.382677165,0.180892922031788
0.54,0.551181102,-0.382677165,0.012177038198554
0.59,0.551181102,-0.382677165,-0.146938752818411
0.64,0.551181102,-0.382677165,-0.200364296675762
0.69,0.551181102,-0.382677165,-0.0520094390301447
0.74,0.551181102,-0.382677165,0.365789675577632
0.79,0.551181102,-0.382677165,1.00699170707015
0.84,0.551181102,-0.382677165,1.79712901648582
0.89,0.551181102,-0.382677165,2.66173396486307
0.09,-0.448818898,-0.282677165,1.25562786253561
0.14,-0.448818898,-0.282677165,0.666713371579455
0.19,-0.448818898,-0.282677165,0.116982590215937
0.24,-0.448818898,-0.282677165,-0.354380771962309
0.29,-0.448818898,-0.282677165,-0.708193005362649
0.34,-0.448818898,-0.282677165,-0.921935389486951
0.39,-0.448818898,-0.282677165,-1.03974916021512
0.44,-0.448818898,-0.282677165,-1.12244054252156
0.49,-0.448818898,-0.282677165,-1.23081576138067
0.54,-0.448818898,-0.282677165,-1.3995316452139
0.59,-0.448818898,-0.282677165,-1.55864743623087
0.64,-0.448818898,-0.282677165,-1.61207298008822
0.69,-0.448818898,-0.282677165,-1.4637181224426
0.74,-0.448818898,-0.282677165,-1.04591900783482
0.79,-0.448818898,-0.282677165,-0.40471697634231
0.84,-0.448818898,-0.282677165,0.38542033307336
0.89,-0.448818898,-0.282677165,1.25002528145061
0.09,-0.348818898,-0.282677165,2.08422848965986
0.14,-0.348818898,-0.282677165,1.49531399870371
0.19,-0.348818898,-0.282677165,0.945583217340191
0.24,-0.348818898,-0.282677165,0.474219855161945
0.29,-0.348818898,-0.282677165,0.120407621761605
0.34,-0.348818898,-0.282677165,-0.0933347623626977
0.39,-0.348818898,-0.282677165,-0.211148533090866
0.44,-0.348818898,-0.282677165,-0.293839915397302
0.49,-0.348818898,-0.282677165,-0.402215134256415
0.54,-0.348818898,-0.282677165,-0.570931018089649
0.59,-0.348818898,-0.282677165,-0.730046809106614
0.64,-0.348818898,-0.282677165,-0.783472352963965
0.69,-0.348818898,-0.282677165,-0.635117495318348
0.74,-0.348818898,-0.282677165,-0.217318380710571
0.79,-0.348818898,-0.282677165,0.423883650781944
0.84,-0.348818898,-0.282677165,1.21402096019761
0.89,-0.348818898,-0.282677165,2.07862590857486
0.09,-0.248818898,-0.282677165,2.87436477189017
0.14,-0.248818898,-0.282677165,2.28545028093401
0.19,-0.248818898,-0.282677165,1.7357194995705
0.24,-0.248818898,-0.282677165,1.26435613739225
0.29,-0.248818898,-0.282677165,0.91054390399191
0.34,-0.248818898,-0.282677165,0.696801519867607
0.39,-0.248818898,-0.282677165,0.57898774913944
0.44,-0.248818898,-0.282677165,0.496296366833003
0.49,-0.248818898,-0.282677165,0.38792114797389
0.54,-0.248818898,-0.282677165,0.219205264140656
0.59,-0.248818898,-0.282677165,0.060089473123691
0.64,-0.248818898,-0.282677165,0.00666392926634041
0.69,-0.248818898,-0.282677165,0.155018786911957
0.74,-0.248818898,-0.282677165,0.572817901519734
0.79,-0.248818898,-0.282677165,1.21401993301225
0.84,-0.248818898,-0.282677165,2.00415724242792
0.89,-0.248818898,-0.282677165,2.86876219080517
0.09,-0.148818898,-0.282677165,3.58027933717362
0.14,-0.148818898,-0.282677165,2.99136484621746
0.19,-0.148818898,-0.282677165,2.44163406485394
0.24,-0.148818898,-0.282677165,1.9702707026757
0.29,-0.148818898,-0.282677165,1.61645846927536
0.34,-0.148818898,-0.282677165,1.40271608515106
0.39,-0.148818898,-0.282677165,1.28490231442289
0.44,-0.148818898,-0.282677165,1.20221093211645
0.49,-0.148818898,-0.282677165,1.09383571325734
0.54,-0.148818898,-0.282677165,0.925119829424104
0.59,-0.148818898,-0.282677165,0.766004038407139
0.64,-0.148818898,-0.282677165,0.712578494549789
0.69,-0.148818898,-0.282677165,0.860933352195406
0.74,-0.148818898,-0.282677165,1.27873246680318
0.79,-0.148818898,-0.282677165,1.9199344982957
0.84,-0.148818898,-0.282677165,2.71007180771137
0.89,-0.148818898,-0.282677165,3.57467675608862
0.09,-0.048818898,-0.282677165,4.12704270482144
0.14,-0.048818898,-0.282677165,3.53812821386529
0.19,-0.048818898,-0.282677165,2.98839743250177
0.24,-0.048818898,-0.282677165,2.51703407032353
0.29,-0.048818898,-0.282677165,2.16322183692319
0.34,-0.048818898,-0.282677165,1.94947945279888
0.39,-0.048818898,-0.282677165,1.83166568207072
0.44,-0.048818898,-0.282677165,1.74897429976428
0.49,-0.048818898,-0.282677165,1.64059908090517
0.54,-0.048818898,-0.282677165,1.47188319707193
0.59,-0.048818898,-0.282677165,1.31276740605497
0.64,-0.048818898,-0.282677165,1.25934186219762
0.69,-0.048818898,-0.282677165,1.40769671984323
0.74,-0.048818898,-0.282677165,1.82549583445101
0.79,-0.048818898,-0.282677165,2.46669786594353
0.84,-0.048818898,-0.282677165,3.2568351753592
0.89,-0.048818898,-0.282677165,4.12144012373645
0.09,0.051181102,-0.282677165,4.43243236698593
0.14,0.051181102,-0.282677165,3.84351787602978
0.19,0.051181102,-0.282677165,3.29378709466626
0.24,0.051181102,-0.282677165,2.82242373248802
0.29,0.051181102,-0.282677165,2.46861149908768
0.34,0.051181102,-0.282677165,2.25486911496337
0.39,0.051181102,-0.282677165,2.13705534423521
0.44,0.051181102,-0.282677165,2.05436396192877
0.49,0.051181102,-0.282677165,1.94598874306966
0.54,0.051181102,-0.282677165,1.77727285923642
0.59,0.051181102,-0.282677165,1.61815706821946
0.64,0.051181102,-0.282677165,1.56473152436211
0.69,0.051181102,-0.282677165,1.71308638200772
0.74,0.051181102,-0.282677165,2.1308854966155
0.79,0.051181102,-0.282677165,2.77208752810802
0.84,0.051181102,-0.282677165,3.56222483752369
0.89,0.051181102,-0.282677165,4.42682978590094
0.09,0.151181102,-0.282677165,4.44221080733489
0.14,0.151181102,-0.282677165,3.85329631637874
0.19,0.151181102,-0.282677165,3.30356553501522
0.24,0.151181102,-0.282677165,2.83220217283697
0.29,0.151181102,-0.282677165,2.47838993943663
0.34,0.151181102,-0.282677165,2.26464755531233
0.39,0.151181102,-0.282677165,2.14683378458416
0.44,0.151181102,-0.282677165,2.06414240227773
0.49,0.151181102,-0.282677165,1.95576718341861
0.54,0.151181102,-0.282677165,1.78705129958538
0.59,0.151181102,-0.282677165,1.62793550856842
0.64,0.151181102,-0.282677165,1.57450996471106
0.69,0.151181102,-0.282677165,1.72286482235668
0.74,0.151181102,-0.282677165,2.14066393696446
0.79,0.151181102,-0.282677165,2.78186596845697
0.84,0.151181102,-0.282677165,3.57200327787264
0.89,0.151181102,-0.282677165,4.43660822624989
0.09,0.251181102,-0.282677165,4.21408047559826
0.14,0.251181102,-0.282677165,3.62516598464211
0.19,0.251181102,-0.282677165,3.07543520327859
0.24,0.251181102,-0.282677165,2.60407184110035
0.29,0.251181102,-0.282677165,2.25025960770001
0.34,0.251181102,-0.282677165,2.0365172235757
0.39,0.251181102,-0.282677165,1.91870345284753
0.44,0.251181102,-0.282677165,1.8360120705411
0.49,0.251181102,-0.282677165,1.72763685168199
0.54,0.251181102,-0.282677165,1.55892096784875
0.59,0.251181102,-0.282677165,1.39980517683179
0.64,0.251181102,-0.282677165,1.34637963297444
0.69,0.251181102,-0.282677165,1.49473449062005
0.74,0.251181102,-0.282677165,1.91253360522783
0.79,0.251181102,-0.282677165,2.55373563672034
0.84,0.251181102,-0.282677165,3.34387294613601
0.89,0.251181102,-0.282677165,4.20847789451326
0.09,0.351181102,-0.282677165,3.83372881302152
0.14,0.351181102,-0.282677165,3.24481432206537
0.19,0.351181102,-0.282677165,2.69508354070185
0.24,0.351181102,-0.282677165,2.2237201785236
0.29,0.351181102,-0.282677165,1.86990794512326
0.34,0.351181102,-0.282677165,1.65616556099896
0.39,0.351181102,-0.282677165,1.53835179027079
0.44,0.351181102,-0.282677165,1.45566040796436
0.49,0.351181102,-0.282677165,1.34728518910524
0.54,0.351181102,-0.282677165,1.17856930527201
0.59,0.351181102,-0.282677165,1.01945351425504
0.64,0.351181102,-0.282677165,0.966027970397694
0.69,0.351181102,-0.282677165,1.11438282804331
0.74,0.351181102,-0.282677165,1.53218194265109
0.79,0.351181102,-0.282677165,2.1733839741436
0.84,0.351181102,-0.282677165,2.96352128355927
0.89,0.351181102,-0.282677165,3.82812623193652
0.09,0.451181102,-0.282677165,3.37810651144212
0.14,0.451181102,-0.282677165,2.78919202048596
0.19,0.451181102,-0.282677165,2.23946123912245
0.24,0.451181102,-0.282677165,1.7680978769442
0.29,0.451181102,-0.282677165,1.41428564354386
0.34,0.451181102,-0.282677165,1.20054325941956
0.39,0.451181102,-0.282677165,1.08272948869139
0.44,0.451181102,-0.282677165,1.00003810638495
0.49,0.451181102,-0.282677165,0.891662887525841
0.54,0.451181102,-0.282677165,0.722947003692606
0.59,0.451181102,-0.282677165,0.563831212675641
0.64,0.451181102,-0.282677165,0.510405668818291
0.69,0.451181102,-0.282677165,0.658760526463908
0.74,0.451181102,-0.282677165,1.07655964107168
0.79,0.451181102,-0.282677165,1.7177616725642
0.84,0.451181102,-0.282677165,2.50789898197987
0.89,0.451181102,-0.282677165,3.37250393035712
0.09,0.551181102,-0.282677165,2.8892172650654
0.14,0.551181102,-0.282677165,2.30030277410924
0.19,0.551181102,-0.282677165,1.75057199274573
0.24,0.551181102,-0.282677165,1.27920863056748
0.29,0.551181102,-0.282677165,0.92539639716714
0.34,0.551181102,-0.282677165,0.711654013042838
0.39,0.551181102,-0.282677165,0.59384024231467
0.44,0.551181102,-0.282677165,0.511148860008233
0.49,0.551181102,-0.282677165,0.402773641149121
0.54,0.551181102,-0.282677165,0.234057757315886
0.59,0.551181102,-0.282677165,0.0749419662989212
0.64,0.551181102,-0.282677165,0.0215164224415707
0.69,0.551181102,-0.282677165,0.169871280087188
0.74,0.551181102,-0.282677165,0.587670394694964
0.79,0.551181102,-0.282677165,1.22887242618748
0.84,0.551181102,-0.282677165,2.01900973560315
0.89,0.551181102,-0.282677165,2.8836146839804
0.09,-0.448818898,-0.182677165,1.30772057586252
0.14,-0.448818898,-0.182677165,0.718806084906362
0.19,-0.448818898,-0.182677165,0.169075303542845
0.24,-0.448818898,-0.182677165,-0.302288058635401
0.29,-0.448818898,-0.182677165,-0.656100292035741
0.34,-0.448818898,-0.182677165,-0.869842676160044
0.39,-0.448818898,-0.182677165,-0.987656446888212
0.44,-0.448818898,-0.182677165,-1.07034782919465
0.49,-0.448818898,-0.182677165,-1.17872304805376
0.54,-0.448818898,-0.182677165,-1.347438931887
0.59,-0.448818898,-0.182677165,-1.50655472290396
0.64,-0.448818898,-0.182677165,-1.55998026676131
0.69,-0.448818898,-0.182677165,-1.41162540911569
0.74,-0.448818898,-0.182677165,-0.993826294507917
0.79,-0.448818898,-0.182677165,-0.352624263015402
0.84,-0.448818898,-0.182677165,0.437513046400268
0.89,-0.448818898,-0.182677165,1.30211799477752
0.09,-0.348818898,-0.182677165,2.13632120298677
0.14,-0.348818898,-0.182677165,1.54740671203062
0.19,-0.348818898,-0.182677165,0.997675930667099
0.24,-0.348818898,-0.182677165,0.526312568488852
0.29,-0.348818898,-0.182677165,0.172500335088513
0.34,-0.348818898,-0.182677165,-0.0412420490357901
0.39,-0.348818898,-0.182677165,-0.159055819763958
0.44,-0.348818898,-0.182677165,-0.241747202070395
0.49,-0.348818898,-0.182677165,-0.350122420929507
0.54,-0.348818898,-0.182677165,-0.518838304762741
0.59,-0.348818898,-0.182677165,-0.677954095779707
0.64,-0.348818898,-0.182677165,-0.731379639637057
0.69,-0.348818898,-0.182677165,-0.58302478199144
0.74,-0.348818898,-0.182677165,-0.165225667383663
0.79,-0.348818898,-0.182677165,0.475976364108851
0.84,-0.348818898,-0.182677165,1.26611367352452
0.89,-0.348818898,-0.182677165,2.13071862190177
0.09,-0.248818898,-0.182677165,2.92645748521707
0.14,-0.248818898,-0.182677165,2.33754299426092
0.19,-0.248818898,-0.182677165,1.7878122128974
0.24,-0.248818898,-0.182677165,1.31644885071916
0.29,-0.248818898,-0.182677165,0.962636617318818
0.34,-0.248818898,-0.182677165,0.748894233194515
0.39,-0.248818898,-0.182677165,0.631080462466347
0.44,-0.248818898,-0.182677165,0.54838908015991
0.49,-0.248818898,-0.182677165,0.440013861300798
0.54,-0.248818898,-0.182677165,0.271297977467564
0.59,-0.248818898,-0.182677165,0.112182186450599
0.64,-0.248818898,-0.182677165,0.058756642593248
0.69,-0.248818898,-0.182677165,0.207111500238865
0.74,-0.248818898,-0.182677165,0.624910614846642
0.79,-0.248818898,-0.182677165,1.26611264633916
0.84,-0.248818898,-0.182677165,2.05624995575483
0.89,-0.248818898,-0.182677165,2.92085490413208
0.09,-0.148818898,-0.182677165,3.63237205050052
0.14,-0.148818898,-0.182677165,3.04345755954437
0.19,-0.148818898,-0.182677165,2.49372677818085
0.24,-0.148818898,-0.182677165,2.02236341600261
0.29,-0.148818898,-0.182677165,1.66855118260227
0.34,-0.148818898,-0.182677165,1.45480879847796
0.39,-0.148818898,-0.182677165,1.3369950277498
0.44,-0.148818898,-0.182677165,1.25430364544336
0.49,-0.148818898,-0.182677165,1.14592842658425
0.54,-0.148818898,-0.182677165,0.977212542751012
0.59,-0.148818898,-0.182677165,0.818096751734047
0.64,-0.148818898,-0.182677165,0.764671207876696
0.69,-0.148818898,-0.182677165,0.913026065522313
0.74,-0.148818898,-0.182677165,1.33082518013009
0.79,-0.148818898,-0.182677165,1.9720272116226
0.84,-0.148818898,-0.182677165,2.76216452103828
0.89,-0.148818898,-0.182677165,3.62676946941553
0.09,-0.048818898,-0.182677165,4.17913541814835
0.14,-0.048818898,-0.182677165,3.5902209271922
0.19,-0.048818898,-0.182677165,3.04049014582868
0.24,-0.048818898,-0.182677165,2.56912678365043
0.29,-0.048818898,-0.182677165,2.21531455025009
0.34,-0.048818898,-0.182677165,2.00157216612579
0.39,-0.048818898,-0.182677165,1.88375839539762
0.44,-0.048818898,-0.182677165,1.80106701309119
0.49,-0.048818898,-0.182677165,1.69269179423208
0.54,-0.048818898,-0.182677165,1.52397591039884
0.59,-0.048818898,-0.182677165,1.36486011938188
0.64,-0.048818898,-0.182677165,1.31143457552453
0.69,-0.048818898,-0.182677165,1.45978943317014
0.74,-0.048818898,-0.182677165,1.87758854777792
0.79,-0.048818898,-0.182677165,2.51879057927043
0.84,-0.048818898,-0.182677165,3.3089278886861
0.89,-0.048818898,-0.182677165,4.17353283706335
0.09,0.051181102,-0.182677165,4.48452508031284
0.14,0.051181102,-0.182677165,3.89561058935669
0.19,0.051181102,-0.182677165,3.34587980799317
0.24,0.051181102,-0.182677165,2.87451644581492
0.29,0.051181102,-0.182677165,2.52070421241458
0.34,0.051181102,-0.182677165,2.30696182829028
0.39,0.051181102,-0.182677165,2.18914805756211
0.44,0.051181102,-0.182677165,2.10645667525568
0.49,0.051181102,-0.182677165,1.99808145639656
0.54,0.051181102,-0.182677165,1.82936557256333
0.59,0.051181102,-0.182677165,1.67024978154637
0.64,0.051181102,-0.182677165,1.61682423768901
0.69,0.051181102,-0.182677165,1.76517909533463
0.74,0.051181102,-0.182677165,2.18297820994241
0.79,0.051181102,-0.182677165,2.82418024143492
0.84,0.051181102,-0.182677165,3.61431755085059
0.89,0.051181102,-0.182677165,4.47892249922784
0.09,0.151181102,-0.182677165,4.4943035206618
0.14,0.151181102,-0.182677165,3.90538902970565
0.19,0.151181102,-0.182677165,3.35565824834213
0.24,0.151181102,-0.182677165,2.88429488616388
0.29,0.151181102,-0.182677165,2.53048265276354
0.34,0.151181102,-0.182677165,2.31674026863924
0.39,0.151181102,-0.182677165,2.19892649791107
0.44,0.151181102,-0.182677165,2.11623511560463
0.49,0.151181102,-0.182677165,2.00785989674552
0.54,0.151181102,-0.182677165,1.83914401291229
0.59,0.151181102,-0.182677165,1.68002822189532
0.64,0.151181102,-0.182677165,1.62660267803797
0.69,0.151181102,-0.182677165,1.77495753568359
0.74,0.151181102,-0.182677165,2.19275665029137
0.79,0.151181102,-0.182677165,2.83395868178388
0.84,0.151181102,-0.182677165,3.62409599119955
0.89,0.151181102,-0.182677165,4.4887009395768
0.09,0.251181102,-0.182677165,4.26617318892517
0.14,0.251181102,-0.182677165,3.67725869796902
0.19,0.251181102,-0.182677165,3.1275279166055
0.24,0.251181102,-0.182677165,2.65616455442725
0.29,0.251181102,-0.182677165,2.30235232102691
0.34,0.251181102,-0.182677165,2.08860993690261
0.39,0.251181102,-0.182677165,1.97079616617444
0.44,0.251181102,-0.182677165,1.88810478386801
0.49,0.251181102,-0.182677165,1.77972956500889
0.54,0.251181102,-0.182677165,1.61101368117566
0.59,0.251181102,-0.182677165,1.45189789015869
0.64,0.251181102,-0.182677165,1.39847234630134
0.69,0.251181102,-0.182677165,1.54682720394696
0.74,0.251181102,-0.182677165,1.96462631855474
0.79,0.251181102,-0.182677165,2.60582835004725
0.84,0.251181102,-0.182677165,3.39596565946292
0.89,0.251181102,-0.182677165,4.26057060784017
0.09,0.351181102,-0.182677165,3.88582152634843
0.14,0.351181102,-0.182677165,3.29690703539227
0.19,0.351181102,-0.182677165,2.74717625402876
0.24,0.351181102,-0.182677165,2.27581289185051
0.29,0.351181102,-0.182677165,1.92200065845017
0.34,0.351181102,-0.182677165,1.70825827432587
0.39,0.351181102,-0.182677165,1.5904445035977
0.44,0.351181102,-0.182677165,1.50775312129126
0.49,0.351181102,-0.182677165,1.39937790243215
0.54,0.351181102,-0.182677165,1.23066201859892
0.59,0.351181102,-0.182677165,1.07154622758195
0.64,0.351181102,-0.182677165,1.0181206837246
0.69,0.351181102,-0.182677165,1.16647554137022
0.74,0.351181102,-0.182677165,1.584274655978
0.79,0.351181102,-0.182677165,2.22547668747051
0.84,0.351181102,-0.182677165,3.01561399688618
0.89,0.351181102,-0.182677165,3.88021894526343
0.09,0.451181102,-0.182677165,3.43019922476902
0.14,0.451181102,-0.182677165,2.84128473381287
0.19,0.451181102,-0.182677165,2.29155395244935
0.24,0.451181102,-0.182677165,1.82019059027111
0.29,0.451181102,-0.182677165,1.46637835687077
0.34,0.451181102,-0.182677165,1.25263597274647
0.39,0.451181102,-0.182677165,1.1348222020183
0.44,0.451181102,-0.182677165,1.05213081971186
0.49,0.451181102,-0.182677165,0.943755600852748
0.54,0.451181102,-0.182677165,0.775039717019514
0.59,0.451181102,-0.182677165,0.615923926002549
0.64,0.451181102,-0.182677165,0.562498382145198
0.69,0.451181102,-0.182677165,0.710853239790815
0.74,0.451181102,-0.182677165,1.12865235439859
0.79,0.451181102,-0.182677165,1.76985438589111
0.84,0.451181102,-0.182677165,2.55999169530678
0.89,0.451181102,-0.182677165,3.42459664368403
0.09,0.551181102,-0.182677165,2.9413099783923
0.14,0.551181102,-0.182677165,2.35239548743615
0.19,0.551181102,-0.182677165,1.80266470607263
0.24,0.551181102,-0.182677165,1.33130134389439
0.29,0.551181102,-0.182677165,0.977489110494048
0.34,0.551181102,-0.182677165,0.763746726369745
0.39,0.551181102,-0.182677165,0.645932955641577
0.44,0.551181102,-0.182677165,0.563241573335141
0.49,0.551181102,-0.182677165,0.454866354476028
0.54,0.551181102,-0.182677165,0.286150470642794
0.59,0.551181102,-0.182677165,0.127034679625829
0.64,0.551181102,-0.182677165,0.0736091357684783
0.69,0.551181102,-0.182677165,0.221963993414095
0.74,0.551181102,-0.182677165,0.639763108021872
0.79,0.551181102,-0.182677165,1.28096513951439
0.84,0.551181102,-0.182677165,2.07110244893006
0.89,0.551181102,-0.182677165,2.93570739730731
0.09,-0.448818898,-0.082677165,1.28693212923531
0.14,-0.448818898,-0.082677165,0.698017638279154
0.19,-0.448818898,-0.082677165,0.148286856915636
0.24,-0.448818898,-0.082677165,-0.32307650526261
0.29,-0.448818898,-0.082677165,-0.67688873866295
0.34,-0.448818898,-0.082677165,-0.890631122787252
0.39,-0.448818898,-0.082677165,-1.00844489351542
0.44,-0.448818898,-0.082677165,-1.09113627582186
0.49,-0.448818898,-0.082677165,-1.19951149468097
0.54,-0.448818898,-0.082677165,-1.3682273785142
0.59,-0.448818898,-0.082677165,-1.52734316953117
0.64,-0.448818898,-0.082677165,-1.58076871338852
0.69,-0.448818898,-0.082677165,-1.4324138557429
0.74,-0.448818898,-0.082677165,-1.01461474113513
0.79,-0.448818898,-0.082677165,-0.373412709642611
0.84,-0.448818898,-0.082677165,0.416724599773059
0.89,-0.448818898,-0.082677165,1.28132954815031
0.09,-0.348818898,-0.082677165,2.11553275635956
0.14,-0.348818898,-0.082677165,1.52661826540341
0.19,-0.348818898,-0.082677165,0.97688748403989
0.24,-0.348818898,-0.082677165,0.505524121861644
0.29,-0.348818898,-0.082677165,0.151711888461304
0.34,-0.348818898,-0.082677165,-0.0620304956629987
0.39,-0.348818898,-0.082677165,-0.179844266391167
0.44,-0.348818898,-0.082677165,-0.262535648697603
0.49,-0.348818898,-0.082677165,-0.370910867556716
0.54,-0.348818898,-0.082677165,-0.53962675138995
0.59,-0.348818898,-0.082677165,-0.698742542406915
0.64,-0.348818898,-0.082677165,-0.752168086264266
0.69,-0.348818898,-0.082677165,-0.603813228618649
0.74,-0.348818898,-0.082677165,-0.186014114010872
0.79,-0.348818898,-0.082677165,0.455187917481643
0.84,-0.348818898,-0.082677165,1.24532522689731
0.89,-0.348818898,-0.082677165,2.10993017527456
0.09,-0.248818898,-0.082677165,2.90566903858987
0.14,-0.248818898,-0.082677165,2.31675454763371
0.19,-0.248818898,-0.082677165,1.7670237662702
0.24,-0.248818898,-0.082677165,1.29566040409195
0.29,-0.248818898,-0.082677165,0.941848170691609
0.34,-0.248818898,-0.082677165,0.728105786567306
0.39,-0.248818898,-0.082677165,0.610292015839139
0.44,-0.248818898,-0.082677165,0.527600633532702
0.49,-0.248818898,-0.082677165,0.419225414673589
0.54,-0.248818898,-0.082677165,0.250509530840355
0.59,-0.248818898,-0.082677165,0.0913937398233899
0.64,-0.248818898,-0.082677165,0.0379681959660394
0.69,-0.248818898,-0.082677165,0.186323053611656
0.74,-0.248818898,-0.082677165,0.604122168219433
0.79,-0.248818898,-0.082677165,1.24532419971195
0.84,-0.248818898,-0.082677165,2.03546150912762
0.89,-0.248818898,-0.082677165,2.90006645750487
0.09,-0.148818898,-0.082677165,3.61158360387331
0.14,-0.148818898,-0.082677165,3.02266911291716
0.19,-0.148818898,-0.082677165,2.47293833155364
0.24,-0.148818898,-0.082677165,2.0015749693754
0.29,-0.148818898,-0.082677165,1.64776273597506
0.34,-0.148818898,-0.082677165,1.43402035185075
0.39,-0.148818898,-0.082677165,1.31620658112259
0.44,-0.148818898,-0.082677165,1.23351519881615
0.49,-0.148818898,-0.082677165,1.12513997995704
0.54,-0.148818898,-0.082677165,0.956424096123803
0.59,-0.148818898,-0.082677165,0.797308305106838
0.64,-0.148818898,-0.082677165,0.743882761249488
0.69,-0.148818898,-0.082677165,0.892237618895105
0.74,-0.148818898,-0.082677165,1.31003673350288
0.79,-0.148818898,-0.082677165,1.9512387649954
0.84,-0.148818898,-0.082677165,2.74137607441107
0.89,-0.148818898,-0.082677165,3.60598102278832
0.09,-0.048818898,-0.082677165,4.15834697152114
0.14,-0.048818898,-0.082677165,3.56943248056499
0.19,-0.048818898,-0.082677165,3.01970169920147
0.24,-0.048818898,-0.082677165,2.54833833702323
0.29,-0.048818898,-0.082677165,2.19452610362289
0.34,-0.048818898,-0.082677165,1.98078371949858
0.39,-0.048818898,-0.082677165,1.86296994877042
0.44,-0.048818898,-0.082677165,1.78027856646398
0.49,-0.048818898,-0.082677165,1.67190334760487
0.54,-0.048818898,-0.082677165,1.50318746377163
0.59,-0.048818898,-0.082677165,1.34407167275467
0.64,-0.048818898,-0.082677165,1.29064612889732
0.69,-0.048818898,-0.082677165,1.43900098654293
0.74,-0.048818898,-0.082677165,1.85680010115071
0.79,-0.048818898,-0.082677165,2.49800213264322
0.84,-0.048818898,-0.082677165,3.2881394420589
0.89,-0.048818898,-0.082677165,4.15274439043615
0.09,0.051181102,-0.082677165,4.46373663368563
0.14,0.051181102,-0.082677165,3.87482214272948
0.19,0.051181102,-0.082677165,3.32509136136596
0.24,0.051181102,-0.082677165,2.85372799918772
0.29,0.051181102,-0.082677165,2.49991576578738
0.34,0.051181102,-0.082677165,2.28617338166307
0.39,0.051181102,-0.082677165,2.16835961093491
0.44,0.051181102,-0.082677165,2.08566822862847
0.49,0.051181102,-0.082677165,1.97729300976936
0.54,0.051181102,-0.082677165,1.80857712593612
0.59,0.051181102,-0.082677165,1.64946133491916
0.64,0.051181102,-0.082677165,1.59603579106181
0.69,0.051181102,-0.082677165,1.74439064870742
0.74,0.051181102,-0.082677165,2.1621897633152
0.79,0.051181102,-0.082677165,2.80339179480771
0.84,0.051181102,-0.082677165,3.59352910422338
0.89,0.051181102,-0.082677165,4.45813405260063
0.09,0.151181102,-0.082677165,4.47351507403459
0.14,0.151181102,-0.082677165,3.88460058307844
0.19,0.151181102,-0.082677165,3.33486980171492
0.24,0.151181102,-0.082677165,2.86350643953667
0.29,0.151181102,-0.082677165,2.50969420613633
0.34,0.151181102,-0.082677165,2.29595182201203
0.39,0.151181102,-0.082677165,2.17813805128386
0.44,0.151181102,-0.082677165,2.09544666897743
0.49,0.151181102,-0.082677165,1.98707145011831
0.54,0.151181102,-0.082677165,1.81835556628508
0.59,0.151181102,-0.082677165,1.65923977526811
0.64,0.151181102,-0.082677165,1.60581423141076
0.69,0.151181102,-0.082677165,1.75416908905638
0.74,0.151181102,-0.082677165,2.17196820366416
0.79,0.151181102,-0.082677165,2.81317023515667
0.84,0.151181102,-0.082677165,3.60330754457234
0.89,0.151181102,-0.082677165,4.46791249294959
0.09,0.251181102,-0.082677165,4.24538474229796
0.14,0.251181102,-0.082677165,3.65647025134181
0.19,0.251181102,-0.082677165,3.10673946997829
0.24,0.251181102,-0.082677165,2.63537610780004
0.29,0.251181102,-0.082677165,2.2815638743997
0.34,0.251181102,-0.082677165,2.0678214902754
0.39,0.251181102,-0.082677165,1.95000771954723
0.44,0.251181102,-0.082677165,1.8673163372408
0.49,0.251181102,-0.082677165,1.75894111838168
0.54,0.251181102,-0.082677165,1.59022523454845
0.59,0.251181102,-0.082677165,1.43110944353149
0.64,0.251181102,-0.082677165,1.37768389967413
0.69,0.251181102,-0.082677165,1.52603875731975
0.74,0.251181102,-0.082677165,1.94383787192753
0.79,0.251181102,-0.082677165,2.58503990342004
0.84,0.251181102,-0.082677165,3.37517721283571
0.89,0.251181102,-0.082677165,4.23978216121296
0.09,0.351181102,-0.082677165,3.86503307972122
0.14,0.351181102,-0.082677165,3.27611858876507
0.19,0.351181102,-0.082677165,2.72638780740155
0.24,0.351181102,-0.082677165,2.2550244452233
0.29,0.351181102,-0.082677165,1.90121221182296
0.34,0.351181102,-0.082677165,1.68746982769866
0.39,0.351181102,-0.082677165,1.56965605697049
0.44,0.351181102,-0.082677165,1.48696467466406
0.49,0.351181102,-0.082677165,1.37858945580494
0.54,0.351181102,-0.082677165,1.20987357197171
0.59,0.351181102,-0.082677165,1.05075778095474
0.64,0.351181102,-0.082677165,0.997332237097393
0.69,0.351181102,-0.082677165,1.14568709474301
0.74,0.351181102,-0.082677165,1.56348620935079
0.79,0.351181102,-0.082677165,2.2046882408433
0.84,0.351181102,-0.082677165,2.99482555025897
0.89,0.351181102,-0.082677165,3.85943049863622
0.09,0.451181102,-0.082677165,3.40941077814182
0.14,0.451181102,-0.082677165,2.82049628718566
0.19,0.451181102,-0.082677165,2.27076550582215
0.24,0.451181102,-0.082677165,1.7994021436439
0.29,0.451181102,-0.082677165,1.44558991024356
0.34,0.451181102,-0.082677165,1.23184752611926
0.39,0.451181102,-0.082677165,1.11403375539109
0.44,0.451181102,-0.082677165,1.03134237308465
0.49,0.451181102,-0.082677165,0.92296715422554
0.54,0.451181102,-0.082677165,0.754251270392305
0.59,0.451181102,-0.082677165,0.59513547937534
0.64,0.451181102,-0.082677165,0.54170993551799
0.69,0.451181102,-0.082677165,0.690064793163607
0.74,0.451181102,-0.082677165,1.10786390777138
0.79,0.451181102,-0.082677165,1.7490659392639
0.84,0.451181102,-0.082677165,2.53920324867957
0.89,0.451181102,-0.082677165,3.40380819705682
0.09,0.551181102,-0.082677165,2.9205215317651
0.14,0.551181102,-0.082677165,2.33160704080894
0.19,0.551181102,-0.082677165,1.78187625944543
0.24,0.551181102,-0.082677165,1.31051289726718
0.29,0.551181102,-0.082677165,0.956700663866839
0.34,0.551181102,-0.082677165,0.742958279742537
0.39,0.551181102,-0.082677165,0.625144509014369
0.44,0.551181102,-0.082677165,0.542453126707932
0.49,0.551181102,-0.082677165,0.43407790784882
0.54,0.551181102,-0.082677165,0.265362024015585
0.59,0.551181102,-0.082677165,0.10624623299862
0.64,0.551181102,-0.082677165,0.0528206891412697
0.69,0.551181102,-0.082677165,0.201175546786887
0.74,0.551181102,-0.082677165,0.618974661394663
0.79,0.551181102,-0.082677165,1.26017669288718
0.84,0.551181102,-0.082677165,2.05031400230285
0.89,0.551181102,-0.082677165,2.9149189506801
0.09,-0.448818898,0.0173228350000001,1.28117383319795
0.14,-0.448818898,0.0173228350000001,0.692259342241792
0.19,-0.448818898,0.0173228350000001,0.142528560878275
0.24,-0.448818898,0.0173228350000001,-0.328834801299971
0.29,-0.448818898,0.0173228350000001,-0.682647034700311
0.34,-0.448818898,0.0173228350000001,-0.896389418824614
0.39,-0.448818898,0.0173228350000001,-1.01420318955278
0.44,-0.448818898,0.0173228350000001,-1.09689457185922
0.49,-0.448818898,0.0173228350000001,-1.20526979071833
0.54,-0.448818898,0.0173228350000001,-1.37398567455157
0.59,-0.448818898,0.0173228350000001,-1.53310146556853
0.64,-0.448818898,0.0173228350000001,-1.58652700942588
0.69,-0.448818898,0.0173228350000001,-1.43817215178026
0.74,-0.448818898,0.0173228350000001,-1.02037303717249
0.79,-0.448818898,0.0173228350000001,-0.379171005679972
0.84,-0.448818898,0.0173228350000001,0.410966303735698
0.89,-0.448818898,0.0173228350000001,1.27557125211295
0.09,-0.348818898,0.0173228350000001,2.1097744603222
0.14,-0.348818898,0.0173228350000001,1.52085996936605
0.19,-0.348818898,0.0173228350000001,0.971129188002529
0.24,-0.348818898,0.0173228350000001,0.499765825824282
0.29,-0.348818898,0.0173228350000001,0.145953592423943
0.34,-0.348818898,0.0173228350000001,-0.0677887917003601
0.39,-0.348818898,0.0173228350000001,-0.185602562428528
0.44,-0.348818898,0.0173228350000001,-0.268293944734965
0.49,-0.348818898,0.0173228350000001,-0.376669163594077
0.54,-0.348818898,0.0173228350000001,-0.545385047427311
0.59,-0.348818898,0.0173228350000001,-0.704500838444277
0.64,-0.348818898,0.0173228350000001,-0.757926382301627
0.69,-0.348818898,0.0173228350000001,-0.60957152465601
0.74,-0.348818898,0.0173228350000001,-0.191772410048233
0.79,-0.348818898,0.0173228350000001,0.449429621444281
0.84,-0.348818898,0.0173228350000001,1.23956693085995
0.89,-0.348818898,0.0173228350000001,2.1041718792372
0.09,-0.248818898,0.0173228350000001,2.8999107425525
0.14,-0.248818898,0.0173228350000001,2.31099625159635
0.19,-0.248818898,0.0173228350000001,1.76126547023283
0.24,-0.248818898,0.0173228350000001,1.28990210805459
0.29,-0.248818898,0.0173228350000001,0.936089874654248
0.34,-0.248818898,0.0173228350000001,0.722347490529945
0.39,-0.248818898,0.0173228350000001,0.604533719801777
0.44,-0.248818898,0.0173228350000001,0.52184233749534
0.49,-0.248818898,0.0173228350000001,0.413467118636228
0.54,-0.248818898,0.0173228350000001,0.244751234802994
0.59,-0.248818898,0.0173228350000001,0.0856354437860285
0.64,-0.248818898,0.0173228350000001,0.032209899928678
0.69,-0.248818898,0.0173228350000001,0.180564757574295
0.74,-0.248818898,0.0173228350000001,0.598363872182072
0.79,-0.248818898,0.0173228350000001,1.23956590367459
0.84,-0.248818898,0.0173228350000001,2.02970321309026
0.89,-0.248818898,0.0173228350000001,2.89430816146751
0.09,-0.148818898,0.0173228350000001,3.60582530783595
0.14,-0.148818898,0.0173228350000001,3.0169108168798
0.19,-0.148818898,0.0173228350000001,2.46718003551628
0.24,-0.148818898,0.0173228350000001,1.99581667333804
0.29,-0.148818898,0.0173228350000001,1.6420044399377
0.34,-0.148818898,0.0173228350000001,1.42826205581339
0.39,-0.148818898,0.0173228350000001,1.31044828508523
0.44,-0.148818898,0.0173228350000001,1.22775690277879
0.49,-0.148818898,0.0173228350000001,1.11938168391968
0.54,-0.148818898,0.0173228350000001,0.950665800086442
0.59,-0.148818898,0.0173228350000001,0.791550009069477
0.64,-0.148818898,0.0173228350000001,0.738124465212126
0.69,-0.148818898,0.0173228350000001,0.886479322857743
0.74,-0.148818898,0.0173228350000001,1.30427843746552
0.79,-0.148818898,0.0173228350000001,1.94548046895803
0.84,-0.148818898,0.0173228350000001,2.73561777837371
0.89,-0.148818898,0.0173228350000001,3.60022272675096
0.09,-0.048818898,0.0173228350000001,4.15258867548378
0.14,-0.048818898,0.0173228350000001,3.56367418452763
0.19,-0.048818898,0.0173228350000001,3.01394340316411
0.24,-0.048818898,0.0173228350000001,2.54258004098586
0.29,-0.048818898,0.0173228350000001,2.18876780758553
0.34,-0.048818898,0.0173228350000001,1.97502542346122
0.39,-0.048818898,0.0173228350000001,1.85721165273305
0.44,-0.048818898,0.0173228350000001,1.77452027042662
0.49,-0.048818898,0.0173228350000001,1.66614505156751
0.54,-0.048818898,0.0173228350000001,1.49742916773427
0.59,-0.048818898,0.0173228350000001,1.33831337671731
0.64,-0.048818898,0.0173228350000001,1.28488783285996
0.69,-0.048818898,0.0173228350000001,1.43324269050557
0.74,-0.048818898,0.0173228350000001,1.85104180511335
0.79,-0.048818898,0.0173228350000001,2.49224383660586
0.84,-0.048818898,0.0173228350000001,3.28238114602153
0.89,-0.048818898,0.0173228350000001,4.14698609439878
0.09,0.051181102,0.0173228350000001,4.45797833764827
0.14,0.051181102,0.0173228350000001,3.86906384669212
0.19,0.051181102,0.0173228350000001,3.3193330653286
0.24,0.051181102,0.0173228350000001,2.84796970315035
0.29,0.051181102,0.0173228350000001,2.49415746975001
0.34,0.051181102,0.0173228350000001,2.28041508562571
0.39,0.051181102,0.0173228350000001,2.16260131489754
0.44,0.051181102,0.0173228350000001,2.07990993259111
0.49,0.051181102,0.0173228350000001,1.97153471373199
0.54,0.051181102,0.0173228350000001,1.80281882989876
0.59,0.051181102,0.0173228350000001,1.6437030388818
0.64,0.051181102,0.0173228350000001,1.59027749502444
0.69,0.051181102,0.0173228350000001,1.73863235267006
0.74,0.051181102,0.0173228350000001,2.15643146727784
0.79,0.051181102,0.0173228350000001,2.79763349877035
0.84,0.051181102,0.0173228350000001,3.58777080818602
0.89,0.051181102,0.0173228350000001,4.45237575656327
0.09,0.151181102,0.0173228350000001,4.46775677799723
0.14,0.151181102,0.0173228350000001,3.87884228704108
0.19,0.151181102,0.0173228350000001,3.32911150567756
0.24,0.151181102,0.0173228350000001,2.85774814349931
0.29,0.151181102,0.0173228350000001,2.50393591009897
0.34,0.151181102,0.0173228350000001,2.29019352597467
0.39,0.151181102,0.0173228350000001,2.1723797552465
0.44,0.151181102,0.0173228350000001,2.08968837294006
0.49,0.151181102,0.0173228350000001,1.98131315408095
0.54,0.151181102,0.0173228350000001,1.81259727024772
0.59,0.151181102,0.0173228350000001,1.65348147923075
0.64,0.151181102,0.0173228350000001,1.6000559353734
0.69,0.151181102,0.0173228350000001,1.74841079301902
0.74,0.151181102,0.0173228350000001,2.1662099076268
0.79,0.151181102,0.0173228350000001,2.80741193911931
0.84,0.151181102,0.0173228350000001,3.59754924853498
0.89,0.151181102,0.0173228350000001,4.46215419691223
0.09,0.251181102,0.0173228350000001,4.2396264462606
0.14,0.251181102,0.0173228350000001,3.65071195530445
0.19,0.251181102,0.0173228350000001,3.10098117394093
0.24,0.251181102,0.0173228350000001,2.62961781176268
0.29,0.251181102,0.0173228350000001,2.27580557836234
0.34,0.251181102,0.0173228350000001,2.06206319423804
0.39,0.251181102,0.0173228350000001,1.94424942350987
0.44,0.251181102,0.0173228350000001,1.86155804120344
0.49,0.251181102,0.0173228350000001,1.75318282234432
0.54,0.251181102,0.0173228350000001,1.58446693851109
0.59,0.251181102,0.0173228350000001,1.42535114749412
0.64,0.251181102,0.0173228350000001,1.37192560363677
0.69,0.251181102,0.0173228350000001,1.52028046128239
0.74,0.251181102,0.0173228350000001,1.93807957589017
0.79,0.251181102,0.0173228350000001,2.57928160738268
0.84,0.251181102,0.0173228350000001,3.36941891679835
0.89,0.251181102,0.0173228350000001,4.2340238651756
0.09,0.351181102,0.0173228350000001,3.85927478368386
0.14,0.351181102,0.0173228350000001,3.2703602927277
0.19,0.351181102,0.0173228350000001,2.72062951136419
0.24,0.351181102,0.0173228350000001,2.24926614918594
0.29,0.351181102,0.0173228350000001,1.8954539157856
0.34,0.351181102,0.0173228350000001,1.6817115316613
0.39,0.351181102,0.0173228350000001,1.56389776093313
0.44,0.351181102,0.0173228350000001,1.48120637862669
0.49,0.351181102,0.0173228350000001,1.37283115976758
0.54,0.351181102,0.0173228350000001,1.20411527593435
0.59,0.351181102,0.0173228350000001,1.04499948491738
0.64,0.351181102,0.0173228350000001,0.991573941060031
0.69,0.351181102,0.0173228350000001,1.13992879870565
0.74,0.351181102,0.0173228350000001,1.55772791331343
0.79,0.351181102,0.0173228350000001,2.19892994480594
0.84,0.351181102,0.0173228350000001,2.98906725422161
0.89,0.351181102,0.0173228350000001,3.85367220259886
0.09,0.451181102,0.0173228350000001,3.40365248210445
0.14,0.451181102,0.0173228350000001,2.8147379911483
0.19,0.451181102,0.0173228350000001,2.26500720978478
0.24,0.451181102,0.0173228350000001,1.79364384760654
0.29,0.451181102,0.0173228350000001,1.4398316142062
0.34,0.451181102,0.0173228350000001,1.2260892300819
0.39,0.451181102,0.0173228350000001,1.10827545935373
0.44,0.451181102,0.0173228350000001,1.02558407704729
0.49,0.451181102,0.0173228350000001,0.917208858188178
0.54,0.451181102,0.0173228350000001,0.748492974354944
0.59,0.451181102,0.0173228350000001,0.589377183337979
0.64,0.451181102,0.0173228350000001,0.535951639480628
0.69,0.451181102,0.0173228350000001,0.684306497126245
0.74,0.451181102,0.0173228350000001,1.10210561173402
0.79,0.451181102,0.0173228350000001,1.74330764322654
0.84,0.451181102,0.0173228350000001,2.53344495264221
0.89,0.451181102,0.0173228350000001,3.39804990101946
0.09,0.551181102,0.0173228350000001,2.91476323572773
0.14,0.551181102,0.0173228350000001,2.32584874477158
0.19,0.551181102,0.0173228350000001,1.77611796340806
0.24,0.551181102,0.0173228350000001,1.30475460122982
0.29,0.551181102,0.0173228350000001,0.950942367829478
0.34,0.551181102,0.0173228350000001,0.737199983705175
0.39,0.551181102,0.0173228350000001,0.619386212977007
0.44,0.551181102,0.0173228350000001,0.536694830670571
0.49,0.551181102,0.0173228350000001,0.428319611811458
0.54,0.551181102,0.0173228350000001,0.259603727978224
0.59,0.551181102,0.0173228350000001,0.100487936961259
0.64,0.551181102,0.0173228350000001,0.0470623931039083
0.69,0.551181102,0.0173228350000001,0.195417250749525
0.74,0.551181102,0.0173228350000001,0.613216365357302
0.79,0.551181102,0.0173228350000001,1.25441839684982
0.84,0.551181102,0.0173228350000001,2.04455570626549
0.89,0.551181102,0.0173228350000001,2.90916065464274
0.09,-0.448818898,0.117322835,1.34237485712502
0.14,-0.448818898,0.117322835,0.753460366168864
0.19,-0.448818898,0.117322835,0.203729584805347
0.24,-0.448818898,0.117322835,-0.267633777372899
0.29,-0.448818898,0.117322835,-0.621446010773239
0.34,-0.448818898,0.117322835,-0.835188394897542
0.39,-0.448818898,0.117322835,-0.95300216562571
0.44,-0.448818898,0.117322835,-1.03569354793215
0.49,-0.448818898,0.117322835,-1.14406876679126
0.54,-0.448818898,0.117322835,-1.31278465062449
0.59,-0.448818898,0.117322835,-1.47190044164146
0.64,-0.448818898,0.117322835,-1.52532598549881
0.69,-0.448818898,0.117322835,-1.37697112785319
0.74,-0.448818898,0.117322835,-0.959172013245415
0.79,-0.448818898,0.117322835,-0.3179699817529
0.84,-0.448818898,0.117322835,0.47216732766277
0.89,-0.448818898,0.117322835,1.33677227604002
0.09,-0.348818898,0.117322835,2.17097548424927
0.14,-0.348818898,0.117322835,1.58206099329312
0.19,-0.348818898,0.117322835,1.0323302119296
0.24,-0.348818898,0.117322835,0.560966849751354
0.29,-0.348818898,0.117322835,0.207154616351015
0.34,-0.348818898,0.117322835,-0.00658776777328818
0.39,-0.348818898,0.117322835,-0.124401538501456
0.44,-0.348818898,0.117322835,-0.207092920807893
0.49,-0.348818898,0.117322835,-0.315468139667005
0.54,-0.348818898,0.117322835,-0.484184023500239
0.59,-0.348818898,0.117322835,-0.643299814517205
0.64,-0.348818898,0.117322835,-0.696725358374555
0.69,-0.348818898,0.117322835,-0.548370500728938
0.74,-0.348818898,0.117322835,-0.130571386121161
0.79,-0.348818898,0.117322835,0.510630645371353
0.84,-0.348818898,0.117322835,1.30076795478702
0.89,-0.348818898,0.117322835,2.16537290316427
0.09,-0.248818898,0.117322835,2.96111176647958
0.14,-0.248818898,0.117322835,2.37219727552342
0.19,-0.248818898,0.117322835,1.82246649415991
0.24,-0.248818898,0.117322835,1.35110313198166
0.29,-0.248818898,0.117322835,0.99729089858132
0.34,-0.248818898,0.117322835,0.783548514457017
0.39,-0.248818898,0.117322835,0.665734743728849
0.44,-0.248818898,0.117322835,0.583043361422412
0.49,-0.248818898,0.117322835,0.4746681425633
0.54,-0.248818898,0.117322835,0.305952258730066
0.59,-0.248818898,0.117322835,0.1468364677131
0.64,-0.248818898,0.117322835,0.0934109238557499
0.69,-0.248818898,0.117322835,0.241765781501367
0.74,-0.248818898,0.117322835,0.659564896109144
0.79,-0.248818898,0.117322835,1.30076692760166
0.84,-0.248818898,0.117322835,2.09090423701733
0.89,-0.248818898,0.117322835,2.95550918539458
0.09,-0.148818898,0.117322835,3.66702633176302
0.14,-0.148818898,0.117322835,3.07811184080687
0.19,-0.148818898,0.117322835,2.52838105944335
0.24,-0.148818898,0.117322835,2.05701769726511
0.29,-0.148818898,0.117322835,1.70320546386477
0.34,-0.148818898,0.117322835,1.48946307974047
0.39,-0.148818898,0.117322835,1.3716493090123
0.44,-0.148818898,0.117322835,1.28895792670586
0.49,-0.148818898,0.117322835,1.18058270784675
0.54,-0.148818898,0.117322835,1.01186682401351
0.59,-0.148818898,0.117322835,0.852751032996549
0.64,-0.148818898,0.117322835,0.799325489139198
0.69,-0.148818898,0.117322835,0.947680346784815
0.74,-0.148818898,0.117322835,1.36547946139259
0.79,-0.148818898,0.117322835,2.00668149288511
0.84,-0.148818898,0.117322835,2.79681880230078
0.89,-0.148818898,0.117322835,3.66142375067803
0.09,-0.048818898,0.117322835,4.21378969941085
0.14,-0.048818898,0.117322835,3.6248752084547
0.19,-0.048818898,0.117322835,3.07514442709118
0.24,-0.048818898,0.117322835,2.60378106491294
0.29,-0.048818898,0.117322835,2.2499688315126
0.34,-0.048818898,0.117322835,2.03622644738829
0.39,-0.048818898,0.117322835,1.91841267666013
0.44,-0.048818898,0.117322835,1.83572129435369
0.49,-0.048818898,0.117322835,1.72734607549458
0.54,-0.048818898,0.117322835,1.55863019166134
0.59,-0.048818898,0.117322835,1.39951440064438
0.64,-0.048818898,0.117322835,1.34608885678703
0.69,-0.048818898,0.117322835,1.49444371443264
0.74,-0.048818898,0.117322835,1.91224282904042
0.79,-0.048818898,0.117322835,2.55344486053294
0.84,-0.048818898,0.117322835,3.34358216994861
0.89,-0.048818898,0.117322835,4.20818711832586
0.09,0.051181102,0.117322835,4.51917936157534
0.14,0.051181102,0.117322835,3.93026487061919
0.19,0.051181102,0.117322835,3.38053408925567
0.24,0.051181102,0.117322835,2.90917072707743
0.29,0.051181102,0.117322835,2.55535849367709
0.34,0.051181102,0.117322835,2.34161610955278
0.39,0.051181102,0.117322835,2.22380233882462
0.44,0.051181102,0.117322835,2.14111095651818
0.49,0.051181102,0.117322835,2.03273573765907
0.54,0.051181102,0.117322835,1.86401985382583
0.59,0.051181102,0.117322835,1.70490406280887
0.64,0.051181102,0.117322835,1.65147851895152
0.69,0.051181102,0.117322835,1.79983337659713
0.74,0.051181102,0.117322835,2.21763249120491
0.79,0.051181102,0.117322835,2.85883452269742
0.84,0.051181102,0.117322835,3.6489718321131
0.89,0.051181102,0.117322835,4.51357678049034
0.09,0.151181102,0.117322835,4.5289578019243
0.14,0.151181102,0.117322835,3.94004331096815
0.19,0.151181102,0.117322835,3.39031252960463
0.24,0.151181102,0.117322835,2.91894916742638
0.29,0.151181102,0.117322835,2.56513693402604
0.34,0.151181102,0.117322835,2.35139454990174
0.39,0.151181102,0.117322835,2.23358077917357
0.44,0.151181102,0.117322835,2.15088939686714
0.49,0.151181102,0.117322835,2.04251417800802
0.54,0.151181102,0.117322835,1.87379829417479
0.59,0.151181102,0.117322835,1.71468250315782
0.64,0.151181102,0.117322835,1.66125695930047
0.69,0.151181102,0.117322835,1.80961181694609
0.74,0.151181102,0.117322835,2.22741093155387
0.79,0.151181102,0.117322835,2.86861296304638
0.84,0.151181102,0.117322835,3.65875027246205
0.89,0.151181102,0.117322835,4.5233552208393
0.09,0.251181102,0.117322835,4.30082747018767
0.14,0.251181102,0.117322835,3.71191297923152
0.19,0.251181102,0.117322835,3.162182197868
0.24,0.251181102,0.117322835,2.69081883568975
0.29,0.251181102,0.117322835,2.33700660228941
0.34,0.251181102,0.117322835,2.12326421816511
0.39,0.251181102,0.117322835,2.00545044743694
0.44,0.251181102,0.117322835,1.92275906513051
0.49,0.251181102,0.117322835,1.8143838462714
0.54,0.251181102,0.117322835,1.64566796243816
0.59,0.251181102,0.117322835,1.4865521714212
0.64,0.251181102,0.117322835,1.43312662756385
0.69,0.251181102,0.117322835,1.58148148520946
0.74,0.251181102,0.117322835,1.99928059981724
0.79,0.251181102,0.117322835,2.64048263130975
0.84,0.251181102,0.117322835,3.43061994072542
0.89,0.251181102,0.117322835,4.29522488910267
0.09,0.351181102,0.117322835,3.92047580761093
0.14,0.351181102,0.117322835,3.33156131665478
0.19,0.351181102,0.117322835,2.78183053529126
0.24,0.351181102,0.117322835,2.31046717311301
0.29,0.351181102,0.117322835,1.95665493971267
0.34,0.351181102,0.117322835,1.74291255558837
0.39,0.351181102,0.117322835,1.6250987848602
0.44,0.351181102,0.117322835,1.54240740255377
0.49,0.351181102,0.117322835,1.43403218369465
0.54,0.351181102,0.117322835,1.26531629986142
0.59,0.351181102,0.117322835,1.10620050884445
0.64,0.351181102,0.117322835,1.0527749649871
0.69,0.351181102,0.117322835,1.20112982263272
0.74,0.351181102,0.117322835,1.6189289372405
0.79,0.351181102,0.117322835,2.26013096873301
0.84,0.351181102,0.117322835,3.05026827814868
0.89,0.351181102,0.117322835,3.91487322652593
0.09,0.451181102,0.117322835,3.46485350603153
0.14,0.451181102,0.117322835,2.87593901507537
0.19,0.451181102,0.117322835,2.32620823371186
0.24,0.451181102,0.117322835,1.85484487153361
0.29,0.451181102,0.117322835,1.50103263813327
0.34,0.451181102,0.117322835,1.28729025400897
0.39,0.451181102,0.117322835,1.1694764832808
0.44,0.451181102,0.117322835,1.08678510097436
0.49,0.451181102,0.117322835,0.97840988211525
0.54,0.451181102,0.117322835,0.809693998282016
0.59,0.451181102,0.117322835,0.650578207265051
0.64,0.451181102,0.117322835,0.5971526634077
0.69,0.451181102,0.117322835,0.745507521053317
0.74,0.451181102,0.117322835,1.16330663566109
0.79,0.451181102,0.117322835,1.80450866715361
0.84,0.451181102,0.117322835,2.59464597656928
0.89,0.451181102,0.117322835,3.45925092494653
0.09,0.551181102,0.117322835,2.97596425965481
0.14,0.551181102,0.117322835,2.38704976869865
0.19,0.551181102,0.117322835,1.83731898733514
0.24,0.551181102,0.117322835,1.36595562515689
0.29,0.551181102,0.117322835,1.01214339175655
0.34,0.551181102,0.117322835,0.798401007632247
0.39,0.551181102,0.117322835,0.680587236904079
0.44,0.551181102,0.117322835,0.597895854597642
0.49,0.551181102,0.117322835,0.48952063573853
0.54,0.551181102,0.117322835,0.320804751905296
0.59,0.551181102,0.117322835,0.161688960888331
0.64,0.551181102,0.117322835,0.10826341703098
0.69,0.551181102,0.117322835,0.256618274676597
0.74,0.551181102,0.117322835,0.674417389284374
0.79,0.551181102,0.117322835,1.31561942077689
0.84,0.551181102,0.117322835,2.10575673019256
0.89,0.551181102,0.117322835,2.97036167856981
0.09,-0.448818898,0.217322835,1.51346883509876
0.14,-0.448818898,0.217322835,0.924554344142607
0.19,-0.448818898,0.217322835,0.374823562779089
0.24,-0.448818898,0.217322835,-0.0965397993991568
0.29,-0.448818898,0.217322835,-0.450352032799497
0.34,-0.448818898,0.217322835,-0.664094416923799
0.39,-0.448818898,0.217322835,-0.781908187651967
0.44,-0.448818898,0.217322835,-0.864599569958404
0.49,-0.448818898,0.217322835,-0.972974788817516
0.54,-0.448818898,0.217322835,-1.14169067265075
0.59,-0.448818898,0.217322835,-1.30080646366772
0.64,-0.448818898,0.217322835,-1.35423200752507
0.69,-0.448818898,0.217322835,-1.20587714987945
0.74,-0.448818898,0.217322835,-0.788078035271673
0.79,-0.448818898,0.217322835,-0.146876003779158
0.84,-0.448818898,0.217322835,0.643261305636513
0.89,-0.448818898,0.217322835,1.50786625401376
0.09,-0.348818898,0.217322835,2.34206946222301
0.14,-0.348818898,0.217322835,1.75315497126686
0.19,-0.348818898,0.217322835,1.20342418990334
0.24,-0.348818898,0.217322835,0.732060827725097
0.29,-0.348818898,0.217322835,0.378248594324757
0.34,-0.348818898,0.217322835,0.164506210200454
0.39,-0.348818898,0.217322835,0.0466924394722865
0.44,-0.348818898,0.217322835,-0.0359989428341503
0.49,-0.348818898,0.217322835,-0.144374161693263
0.54,-0.348818898,0.217322835,-0.313090045526497
0.59,-0.348818898,0.217322835,-0.472205836543462
0.64,-0.348818898,0.217322835,-0.525631380400813
0.69,-0.348818898,0.217322835,-0.377276522755196
0.74,-0.348818898,0.217322835,0.0405225918525811
0.79,-0.348818898,0.217322835,0.681724623345096
0.84,-0.348818898,0.217322835,1.47186193276077
0.89,-0.348818898,0.217322835,2.33646688113802
0.09,-0.248818898,0.217322835,3.13220574445332
0.14,-0.248818898,0.217322835,2.54329125349717
0.19,-0.248818898,0.217322835,1.99356047213365
0.24,-0.248818898,0.217322835,1.5221971099554
0.29,-0.248818898,0.217322835,1.16838487655506
0.34,-0.248818898,0.217322835,0.954642492430759
0.39,-0.248818898,0.217322835,0.836828721702592
0.44,-0.248818898,0.217322835,0.754137339396155
0.49,-0.248818898,0.217322835,0.645762120537043
0.54,-0.248818898,0.217322835,0.477046236703808
0.59,-0.248818898,0.217322835,0.317930445686843
0.64,-0.248818898,0.217322835,0.264504901829492
0.69,-0.248818898,0.217322835,0.41285975947511
0.74,-0.248818898,0.217322835,0.830658874082886
0.79,-0.248818898,0.217322835,1.4718609055754
0.84,-0.248818898,0.217322835,2.26199821499107
0.89,-0.248818898,0.217322835,3.12660316336832
0.09,-0.148818898,0.217322835,3.83812030973677
0.14,-0.148818898,0.217322835,3.24920581878061
0.19,-0.148818898,0.217322835,2.6994750374171
0.24,-0.148818898,0.217322835,2.22811167523885
0.29,-0.148818898,0.217322835,1.87429944183851
0.34,-0.148818898,0.217322835,1.66055705771421
0.39,-0.148818898,0.217322835,1.54274328698604
0.44,-0.148818898,0.217322835,1.4600519046796
0.49,-0.148818898,0.217322835,1.35167668582049
0.54,-0.148818898,0.217322835,1.18296080198726
0.59,-0.148818898,0.217322835,1.02384501097029
0.64,-0.148818898,0.217322835,0.970419467112941
0.69,-0.148818898,0.217322835,1.11877432475856
0.74,-0.148818898,0.217322835,1.53657343936633
0.79,-0.148818898,0.217322835,2.17777547085885
0.84,-0.148818898,0.217322835,2.96791278027452
0.89,-0.148818898,0.217322835,3.83251772865177
0.09,-0.048818898,0.217322835,4.3848836773846
0.14,-0.048818898,0.217322835,3.79596918642844
0.19,-0.048818898,0.217322835,3.24623840506493
0.24,-0.048818898,0.217322835,2.77487504288668
0.29,-0.048818898,0.217322835,2.42106280948634
0.34,-0.048818898,0.217322835,2.20732042536204
0.39,-0.048818898,0.217322835,2.08950665463387
0.44,-0.048818898,0.217322835,2.00681527232743
0.49,-0.048818898,0.217322835,1.89844005346832
0.54,-0.048818898,0.217322835,1.72972416963509
0.59,-0.048818898,0.217322835,1.57060837861812
0.64,-0.048818898,0.217322835,1.51718283476077
0.69,-0.048818898,0.217322835,1.66553769240639
0.74,-0.048818898,0.217322835,2.08333680701416
0.79,-0.048818898,0.217322835,2.72453883850668
0.84,-0.048818898,0.217322835,3.51467614792235
0.89,-0.048818898,0.217322835,4.3792810962996
0.09,0.051181102,0.217322835,4.69027333954909
0.14,0.051181102,0.217322835,4.10135884859293
0.19,0.051181102,0.217322835,3.55162806722941
0.24,0.051181102,0.217322835,3.08026470505117
0.29,0.051181102,0.217322835,2.72645247165083
0.34,0.051181102,0.217322835,2.51271008752653
0.39,0.051181102,0.217322835,2.39489631679836
0.44,0.051181102,0.217322835,2.31220493449192
0.49,0.051181102,0.217322835,2.20382971563281
0.54,0.051181102,0.217322835,2.03511383179957
0.59,0.051181102,0.217322835,1.87599804078261
0.64,0.051181102,0.217322835,1.82257249692526
0.69,0.051181102,0.217322835,1.97092735457088
0.74,0.051181102,0.217322835,2.38872646917865
0.79,0.051181102,0.217322835,3.02992850067117
0.84,0.051181102,0.217322835,3.82006581008684
0.89,0.051181102,0.217322835,4.68467075846409
0.09,0.151181102,0.217322835,4.70005177989804
0.14,0.151181102,0.217322835,4.11113728894189
0.19,0.151181102,0.217322835,3.56140650757837
0.24,0.151181102,0.217322835,3.09004314540013
0.29,0.151181102,0.217322835,2.73623091199979
0.34,0.151181102,0.217322835,2.52248852787548
0.39,0.151181102,0.217322835,2.40467475714732
0.44,0.151181102,0.217322835,2.32198337484088
0.49,0.151181102,0.217322835,2.21360815598177
0.54,0.151181102,0.217322835,2.04489227214853
0.59,0.151181102,0.217322835,1.88577648113157
0.64,0.151181102,0.217322835,1.83235093727422
0.69,0.151181102,0.217322835,1.98070579491983
0.74,0.151181102,0.217322835,2.39850490952761
0.79,0.151181102,0.217322835,3.03970694102012
0.84,0.151181102,0.217322835,3.8298442504358
0.89,0.151181102,0.217322835,4.69444919881305
0.09,0.251181102,0.217322835,4.47192144816141
0.14,0.251181102,0.217322835,3.88300695720526
0.19,0.251181102,0.217322835,3.33327617584174
0.24,0.251181102,0.217322835,2.8619128136635
0.29,0.251181102,0.217322835,2.50810058026316
0.34,0.251181102,0.217322835,2.29435819613885
0.39,0.251181102,0.217322835,2.17654442541069
0.44,0.251181102,0.217322835,2.09385304310425
0.49,0.251181102,0.217322835,1.98547782424514
0.54,0.251181102,0.217322835,1.8167619404119
0.59,0.251181102,0.217322835,1.65764614939494
0.64,0.251181102,0.217322835,1.60422060553759
0.69,0.251181102,0.217322835,1.7525754631832
0.74,0.251181102,0.217322835,2.17037457779098
0.79,0.251181102,0.217322835,2.8115766092835
0.84,0.251181102,0.217322835,3.60171391869917
0.89,0.251181102,0.217322835,4.46631886707642
0.09,0.351181102,0.217322835,4.09156978558467
0.14,0.351181102,0.217322835,3.50265529462852
0.19,0.351181102,0.217322835,2.952924513265
0.24,0.351181102,0.217322835,2.48156115108676
0.29,0.351181102,0.217322835,2.12774891768642
0.34,0.351181102,0.217322835,1.91400653356211
0.39,0.351181102,0.217322835,1.79619276283395
0.44,0.351181102,0.217322835,1.71350138052751
0.49,0.351181102,0.217322835,1.6051261616684
0.54,0.351181102,0.217322835,1.43641027783516
0.59,0.351181102,0.217322835,1.2772944868182
0.64,0.351181102,0.217322835,1.22386894296085
0.69,0.351181102,0.217322835,1.37222380060646
0.74,0.351181102,0.217322835,1.79002291521424
0.79,0.351181102,0.217322835,2.43122494670675
0.84,0.351181102,0.217322835,3.22136225612242
0.89,0.351181102,0.217322835,4.08596720449968
0.09,0.451181102,0.217322835,3.63594748400527
0.14,0.451181102,0.217322835,3.04703299304912
0.19,0.451181102,0.217322835,2.4973022116856
0.24,0.451181102,0.217322835,2.02593884950735
0.29,0.451181102,0.217322835,1.67212661610701
0.34,0.451181102,0.217322835,1.45838423198271
0.39,0.451181102,0.217322835,1.34057046125454
0.44,0.451181102,0.217322835,1.25787907894811
0.49,0.451181102,0.217322835,1.14950386008899
0.54,0.451181102,0.217322835,0.980787976255759
0.59,0.451181102,0.217322835,0.821672185238793
0.64,0.451181102,0.217322835,0.768246641381443
0.69,0.451181102,0.217322835,0.91660149902706
0.74,0.451181102,0.217322835,1.33440061363484
0.79,0.451181102,0.217322835,1.97560264512735
0.84,0.451181102,0.217322835,2.76573995454302
0.89,0.451181102,0.217322835,3.63034490292027
0.09,0.551181102,0.217322835,3.14705823762855
0.14,0.551181102,0.217322835,2.5581437466724
0.19,0.551181102,0.217322835,2.00841296530888
0.24,0.551181102,0.217322835,1.53704960313063
0.29,0.551181102,0.217322835,1.18323736973029
0.34,0.551181102,0.217322835,0.96949498560599
0.39,0.551181102,0.217322835,0.851681214877822
0.44,0.551181102,0.217322835,0.768989832571385
0.49,0.551181102,0.217322835,0.660614613712273
0.54,0.551181102,0.217322835,0.491898729879038
0.59,0.551181102,0.217322835,0.332782938862073
0.64,0.551181102,0.217322835,0.279357395004723
0.69,0.551181102,0.217322835,0.42771225265034
0.74,0.551181102,0.217322835,0.845511367258116
0.79,0.551181102,0.217322835,1.48671339875063
0.84,0.551181102,0.217322835,2.2768507081663
0.89,0.551181102,0.217322835,3.14145565654355
0.09,-0.448818898,0.317322835,1.8174982465103
0.14,-0.448818898,0.317322835,1.22858375555414
0.19,-0.448818898,0.317322835,0.678852974190627
0.24,-0.448818898,0.317322835,0.207489612012381
0.29,-0.448818898,0.317322835,-0.146322621387959
0.34,-0.448818898,0.317322835,-0.360065005512262
0.39,-0.448818898,0.317322835,-0.47787877624043
0.44,-0.448818898,0.317322835,-0.560570158546867
0.49,-0.448818898,0.317322835,-0.668945377405979
0.54,-0.448818898,0.317322835,-0.837661261239213
0.59,-0.448818898,0.317322835,-0.996777052256178
0.64,-0.448818898,0.317322835,-1.05020259611353
0.69,-0.448818898,0.317322835,-0.901847738467912
0.74,-0.448818898,0.317322835,-0.484048623860135
0.79,-0.448818898,0.317322835,0.15715340763238
0.84,-0.448818898,0.317322835,0.94729071704805
0.89,-0.448818898,0.317322835,1.8118956654253
0.09,-0.348818898,0.317322835,2.64609887363455
0.14,-0.348818898,0.317322835,2.0571843826784
0.19,-0.348818898,0.317322835,1.50745360131488
0.24,-0.348818898,0.317322835,1.03609023913663
0.29,-0.348818898,0.317322835,0.682278005736294
0.34,-0.348818898,0.317322835,0.468535621611992
0.39,-0.348818898,0.317322835,0.350721850883824
0.44,-0.348818898,0.317322835,0.268030468577387
0.49,-0.348818898,0.317322835,0.159655249718275
0.54,-0.348818898,0.317322835,-0.0090606341149595
0.59,-0.348818898,0.317322835,-0.168176425131925
0.64,-0.348818898,0.317322835,-0.221601968989275
0.69,-0.348818898,0.317322835,-0.0732471113436581
0.74,-0.348818898,0.317322835,0.344552003264119
0.79,-0.348818898,0.317322835,0.985754034756633
0.84,-0.348818898,0.317322835,1.7758913441723
0.89,-0.348818898,0.317322835,2.64049629254955
0.09,-0.248818898,0.317322835,3.43623515586486
0.14,-0.248818898,0.317322835,2.8473206649087
0.19,-0.248818898,0.317322835,2.29758988354519
0.24,-0.248818898,0.317322835,1.82622652136694
0.29,-0.248818898,0.317322835,1.4724142879666
0.34,-0.248818898,0.317322835,1.2586719038423
0.39,-0.248818898,0.317322835,1.14085813311413
0.44,-0.248818898,0.317322835,1.05816675080769
0.49,-0.248818898,0.317322835,0.94979153194858
0.54,-0.248818898,0.317322835,0.781075648115346
0.59,-0.248818898,0.317322835,0.62195985709838
0.64,-0.248818898,0.317322835,0.56853431324103
0.69,-0.248818898,0.317322835,0.716889170886647
0.74,-0.248818898,0.317322835,1.13468828549442
0.79,-0.248818898,0.317322835,1.77589031698694
0.84,-0.248818898,0.317322835,2.56602762640261
0.89,-0.248818898,0.317322835,3.43063257477986
0.09,-0.148818898,0.317322835,4.1421497211483
0.14,-0.148818898,0.317322835,3.55323523019215
0.19,-0.148818898,0.317322835,3.00350444882863
0.24,-0.148818898,0.317322835,2.53214108665039
0.29,-0.148818898,0.317322835,2.17832885325005
0.34,-0.148818898,0.317322835,1.96458646912575
0.39,-0.148818898,0.317322835,1.84677269839758
0.44,-0.148818898,0.317322835,1.76408131609114
0.49,-0.148818898,0.317322835,1.65570609723203
0.54,-0.148818898,0.317322835,1.48699021339879
0.59,-0.148818898,0.317322835,1.32787442238183
0.64,-0.148818898,0.317322835,1.27444887852448
0.69,-0.148818898,0.317322835,1.4228037361701
0.74,-0.148818898,0.317322835,1.84060285077787
0.79,-0.148818898,0.317322835,2.48180488227039
0.84,-0.148818898,0.317322835,3.27194219168606
0.89,-0.148818898,0.317322835,4.13654714006331
0.09,-0.048818898,0.317322835,4.68891308879613
0.14,-0.048818898,0.317322835,4.09999859783998
0.19,-0.048818898,0.317322835,3.55026781647646
0.24,-0.048818898,0.317322835,3.07890445429822
0.29,-0.048818898,0.317322835,2.72509222089788
0.34,-0.048818898,0.317322835,2.51134983677357
0.39,-0.048818898,0.317322835,2.39353606604541
0.44,-0.048818898,0.317322835,2.31084468373897
0.49,-0.048818898,0.317322835,2.20246946487986
0.54,-0.048818898,0.317322835,2.03375358104662
0.59,-0.048818898,0.317322835,1.87463779002966
0.64,-0.048818898,0.317322835,1.82121224617231
0.69,-0.048818898,0.317322835,1.96956710381792
0.74,-0.048818898,0.317322835,2.3873662184257
0.79,-0.048818898,0.317322835,3.02856824991822
0.84,-0.048818898,0.317322835,3.81870555933389
0.89,-0.048818898,0.317322835,4.68331050771114
0.09,0.051181102,0.317322835,4.99430275096062
0.14,0.051181102,0.317322835,4.40538826000447
0.19,0.051181102,0.317322835,3.85565747864095
0.24,0.051181102,0.317322835,3.38429411646271
0.29,0.051181102,0.317322835,3.03048188306237
0.34,0.051181102,0.317322835,2.81673949893806
0.39,0.051181102,0.317322835,2.6989257282099
0.44,0.051181102,0.317322835,2.61623434590346
0.49,0.051181102,0.317322835,2.50785912704435
0.54,0.051181102,0.317322835,2.33914324321111
0.59,0.051181102,0.317322835,2.18002745219415
0.64,0.051181102,0.317322835,2.1266019083368
0.69,0.051181102,0.317322835,2.27495676598241
0.74,0.051181102,0.317322835,2.69275588059019
0.79,0.051181102,0.317322835,3.3339579120827
0.84,0.051181102,0.317322835,4.12409522149838
0.89,0.051181102,0.317322835,4.98870016987563
0.09,0.151181102,0.317322835,5.00408119130958
0.14,0.151181102,0.317322835,4.41516670035343
0.19,0.151181102,0.317322835,3.86543591898991
0.24,0.151181102,0.317322835,3.39407255681166
0.29,0.151181102,0.317322835,3.04026032341132
0.34,0.151181102,0.317322835,2.82651793928702
0.39,0.151181102,0.317322835,2.70870416855885
0.44,0.151181102,0.317322835,2.62601278625242
0.49,0.151181102,0.317322835,2.5176375673933
0.54,0.151181102,0.317322835,2.34892168356007
0.59,0.151181102,0.317322835,2.1898058925431
0.64,0.151181102,0.317322835,2.13638034868575
0.69,0.151181102,0.317322835,2.28473520633137
0.74,0.151181102,0.317322835,2.70253432093915
0.79,0.151181102,0.317322835,3.34373635243166
0.84,0.151181102,0.317322835,4.13387366184733
0.89,0.151181102,0.317322835,4.99847861022458
0.09,0.251181102,0.317322835,4.77595085957295
0.14,0.251181102,0.317322835,4.1870363686168
0.19,0.251181102,0.317322835,3.63730558725328
0.24,0.251181102,0.317322835,3.16594222507503
0.29,0.251181102,0.317322835,2.81212999167469
0.34,0.251181102,0.317322835,2.59838760755039
0.39,0.251181102,0.317322835,2.48057383682222
0.44,0.251181102,0.317322835,2.39788245451579
0.49,0.251181102,0.317322835,2.28950723565668
0.54,0.251181102,0.317322835,2.12079135182344
0.59,0.251181102,0.317322835,1.96167556080648
0.64,0.251181102,0.317322835,1.90825001694912
0.69,0.251181102,0.317322835,2.05660487459474
0.74,0.251181102,0.317322835,2.47440398920252
0.79,0.251181102,0.317322835,3.11560602069503
0.84,0.251181102,0.317322835,3.9057433301107
0.89,0.251181102,0.317322835,4.77034827848795
0.09,0.351181102,0.317322835,4.39559919699621
0.14,0.351181102,0.317322835,3.80668470604006
0.19,0.351181102,0.317322835,3.25695392467654
0.24,0.351181102,0.317322835,2.78559056249829
0.29,0.351181102,0.317322835,2.43177832909795
0.34,0.351181102,0.317322835,2.21803594497365
0.39,0.351181102,0.317322835,2.10022217424548
0.44,0.351181102,0.317322835,2.01753079193905
0.49,0.351181102,0.317322835,1.90915557307993
0.54,0.351181102,0.317322835,1.7404396892467
0.59,0.351181102,0.317322835,1.58132389822973
0.64,0.351181102,0.317322835,1.52789835437238
0.69,0.351181102,0.317322835,1.676253212018
0.74,0.351181102,0.317322835,2.09405232662578
0.79,0.351181102,0.317322835,2.73525435811829
0.84,0.351181102,0.317322835,3.52539166753396
0.89,0.351181102,0.317322835,4.38999661591121
0.09,0.451181102,0.317322835,3.93997689541681
0.14,0.451181102,0.317322835,3.35106240446065
0.19,0.451181102,0.317322835,2.80133162309714
0.24,0.451181102,0.317322835,2.32996826091889
0.29,0.451181102,0.317322835,1.97615602751855
0.34,0.451181102,0.317322835,1.76241364339425
0.39,0.451181102,0.317322835,1.64459987266608
0.44,0.451181102,0.317322835,1.56190849035964
0.49,0.451181102,0.317322835,1.45353327150053
0.54,0.451181102,0.317322835,1.2848173876673
0.59,0.451181102,0.317322835,1.12570159665033
0.64,0.451181102,0.317322835,1.07227605279298
0.69,0.451181102,0.317322835,1.2206309104386
0.74,0.451181102,0.317322835,1.63843002504637
0.79,0.451181102,0.317322835,2.27963205653889
0.84,0.451181102,0.317322835,3.06976936595456
0.89,0.451181102,0.317322835,3.93437431433181
0.09,0.551181102,0.317322835,3.45108764904009
0.14,0.551181102,0.317322835,2.86217315808393
0.19,0.551181102,0.317322835,2.31244237672042
0.24,0.551181102,0.317322835,1.84107901454217
0.29,0.551181102,0.317322835,1.48726678114183
0.34,0.551181102,0.317322835,1.27352439701753
0.39,0.551181102,0.317322835,1.15571062628936
0.44,0.551181102,0.317322835,1.07301924398292
0.49,0.551181102,0.317322835,0.96464402512381
0.54,0.551181102,0.317322835,0.795928141290576
0.59,0.551181102,0.317322835,0.636812350273611
0.64,0.551181102,0.317322835,0.58338680641626
0.69,0.551181102,0.317322835,0.731741664061877
0.74,0.551181102,0.317322835,1.14954077866965
0.79,0.551181102,0.317322835,1.79074281016217
0.84,0.551181102,0.317322835,2.58088011957784
0.89,0.551181102,0.317322835,3.44548506795509
0.09,-0.448818898,0.417322835,2.19794095198629
0.14,-0.448818898,0.417322835,1.60902646103014
0.19,-0.448818898,0.417322835,1.05929567966662
0.24,-0.448818898,0.417322835,0.587932317488374
0.29,-0.448818898,0.417322835,0.234120084088034
0.34,-0.448818898,0.417322835,0.0203776999637313
0.39,-0.448818898,0.417322835,-0.0974360707644366
0.44,-0.448818898,0.417322835,-0.180127453070873
0.49,-0.448818898,0.417322835,-0.288502671929986
0.54,-0.448818898,0.417322835,-0.45721855576322
0.59,-0.448818898,0.417322835,-0.616334346780185
0.64,-0.448818898,0.417322835,-0.669759890637536
0.69,-0.448818898,0.417322835,-0.521405032991919
0.74,-0.448818898,0.417322835,-0.103605918384142
0.79,-0.448818898,0.417322835,0.537596113108373
0.84,-0.448818898,0.417322835,1.32773342252404
0.89,-0.448818898,0.417322835,2.19233837090129
0.09,-0.348818898,0.417322835,3.02654157911054
0.14,-0.348818898,0.417322835,2.43762708815439
0.19,-0.348818898,0.417322835,1.88789630679087
0.24,-0.348818898,0.417322835,1.41653294461263
0.29,-0.348818898,0.417322835,1.06272071121229
0.34,-0.348818898,0.417322835,0.848978327087985
0.39,-0.348818898,0.417322835,0.731164556359817
0.44,-0.348818898,0.417322835,0.64847317405338
0.49,-0.348818898,0.417322835,0.540097955194268
0.54,-0.348818898,0.417322835,0.371382071361034
0.59,-0.348818898,0.417322835,0.212266280344068
0.64,-0.348818898,0.417322835,0.158840736486718
0.69,-0.348818898,0.417322835,0.307195594132335
0.74,-0.348818898,0.417322835,0.724994708740112
0.79,-0.348818898,0.417322835,1.36619674023263
0.84,-0.348818898,0.417322835,2.1563340496483
0.89,-0.348818898,0.417322835,3.02093899802555
0.09,-0.248818898,0.417322835,3.81667786134085
0.14,-0.248818898,0.417322835,3.2277633703847
0.19,-0.248818898,0.417322835,2.67803258902118
0.24,-0.248818898,0.417322835,2.20666922684293
0.29,-0.248818898,0.417322835,1.85285699344259
0.34,-0.248818898,0.417322835,1.63911460931829
0.39,-0.248818898,0.417322835,1.52130083859012
0.44,-0.248818898,0.417322835,1.43860945628369
0.49,-0.248818898,0.417322835,1.33023423742457
0.54,-0.248818898,0.417322835,1.16151835359134
0.59,-0.248818898,0.417322835,1.00240256257437
0.64,-0.248818898,0.417322835,0.948977018717023
0.69,-0.248818898,0.417322835,1.09733187636264
0.74,-0.248818898,0.417322835,1.51513099097042
0.79,-0.248818898,0.417322835,2.15633302246293
0.84,-0.248818898,0.417322835,2.9464703318786
0.89,-0.248818898,0.417322835,3.81107528025585
0.09,-0.148818898,0.417322835,4.5225924266243
0.14,-0.148818898,0.417322835,3.93367793566814
0.19,-0.148818898,0.417322835,3.38394715430463
0.24,-0.148818898,0.417322835,2.91258379212638
0.29,-0.148818898,0.417322835,2.55877155872604
0.34,-0.148818898,0.417322835,2.34502917460174
0.39,-0.148818898,0.417322835,2.22721540387357
0.44,-0.148818898,0.417322835,2.14452402156713
0.49,-0.148818898,0.417322835,2.03614880270802
0.54,-0.148818898,0.417322835,1.86743291887479
0.59,-0.148818898,0.417322835,1.70831712785782
0.64,-0.148818898,0.417322835,1.65489158400047
0.69,-0.148818898,0.417322835,1.80324644164609
0.74,-0.148818898,0.417322835,2.22104555625386
0.79,-0.148818898,0.417322835,2.86224758774638
0.84,-0.148818898,0.417322835,3.65238489716205
0.89,-0.148818898,0.417322835,4.5169898455393
0.09,-0.048818898,0.417322835,5.06935579427213
0.14,-0.048818898,0.417322835,4.48044130331597
0.19,-0.048818898,0.417322835,3.93071052195246
0.24,-0.048818898,0.417322835,3.45934715977421
0.29,-0.048818898,0.417322835,3.10553492637387
0.34,-0.048818898,0.417322835,2.89179254224957
0.39,-0.048818898,0.417322835,2.7739787715214
0.44,-0.048818898,0.417322835,2.69128738921496
0.49,-0.048818898,0.417322835,2.58291217035585
0.54,-0.048818898,0.417322835,2.41419628652262
0.59,-0.048818898,0.417322835,2.25508049550565
0.64,-0.048818898,0.417322835,2.2016549516483
0.69,-0.048818898,0.417322835,2.35000980929392
0.74,-0.048818898,0.417322835,2.76780892390169
0.79,-0.048818898,0.417322835,3.40901095539421
0.84,-0.048818898,0.417322835,4.19914826480988
0.89,-0.048818898,0.417322835,5.06375321318713
0.09,0.051181102,0.417322835,5.37474545643662
0.14,0.051181102,0.417322835,4.78583096548046
0.19,0.051181102,0.417322835,4.23610018411695
0.24,0.051181102,0.417322835,3.7647368219387
0.29,0.051181102,0.417322835,3.41092458853836
0.34,0.051181102,0.417322835,3.19718220441406
0.39,0.051181102,0.417322835,3.07936843368589
0.44,0.051181102,0.417322835,2.99667705137945
0.49,0.051181102,0.417322835,2.88830183252034
0.54,0.051181102,0.417322835,2.71958594868711
0.59,0.051181102,0.417322835,2.56047015767014
0.64,0.051181102,0.417322835,2.50704461381279
0.69,0.051181102,0.417322835,2.65539947145841
0.74,0.051181102,0.417322835,3.07319858606618
0.79,0.051181102,0.417322835,3.7144006175587
0.84,0.051181102,0.417322835,4.50453792697437
0.89,0.051181102,0.417322835,5.36914287535162
0.09,0.151181102,0.417322835,5.38452389678557
0.14,0.151181102,0.417322835,4.79560940582942
0.19,0.151181102,0.417322835,4.2458786244659
0.24,0.151181102,0.417322835,3.77451526228766
0.29,0.151181102,0.417322835,3.42070302888732
0.34,0.151181102,0.417322835,3.20696064476301
0.39,0.151181102,0.417322835,3.08914687403485
0.44,0.151181102,0.417322835,3.00645549172841
0.49,0.151181102,0.417322835,2.8980802728693
0.54,0.151181102,0.417322835,2.72936438903606
0.59,0.151181102,0.417322835,2.5702485980191
0.64,0.151181102,0.417322835,2.51682305416175
0.69,0.151181102,0.417322835,2.66517791180736
0.74,0.151181102,0.417322835,3.08297702641514
0.79,0.151181102,0.417322835,3.72417905790766
0.84,0.151181102,0.417322835,4.51431636732333
0.89,0.151181102,0.417322835,5.37892131570058
0.09,0.251181102,0.417322835,5.15639356504894
0.14,0.251181102,0.417322835,4.56747907409279
0.19,0.251181102,0.417322835,4.01774829272927
0.24,0.251181102,0.417322835,3.54638493055103
0.29,0.251181102,0.417322835,3.19257269715069
0.34,0.251181102,0.417322835,2.97883031302639
0.39,0.251181102,0.417322835,2.86101654229822
0.44,0.251181102,0.417322835,2.77832515999178
0.49,0.251181102,0.417322835,2.66994994113267
0.54,0.251181102,0.417322835,2.50123405729943
0.59,0.251181102,0.417322835,2.34211826628247
0.64,0.251181102,0.417322835,2.28869272242512
0.69,0.251181102,0.417322835,2.43704758007074
0.74,0.251181102,0.417322835,2.85484669467851
0.79,0.251181102,0.417322835,3.49604872617103
0.84,0.251181102,0.417322835,4.2861860355867
0.89,0.251181102,0.417322835,5.15079098396395
0.09,0.351181102,0.417322835,4.7760419024722
0.14,0.351181102,0.417322835,4.18712741151605
0.19,0.351181102,0.417322835,3.63739663015253
0.24,0.351181102,0.417322835,3.16603326797429
0.29,0.351181102,0.417322835,2.81222103457395
0.34,0.351181102,0.417322835,2.59847865044964
0.39,0.351181102,0.417322835,2.48066487972148
0.44,0.351181102,0.417322835,2.39797349741504
0.49,0.351181102,0.417322835,2.28959827855593
0.54,0.351181102,0.417322835,2.12088239472269
0.59,0.351181102,0.417322835,1.96176660370573
0.64,0.351181102,0.417322835,1.90834105984838
0.69,0.351181102,0.417322835,2.05669591749399
0.74,0.351181102,0.417322835,2.47449503210177
0.79,0.351181102,0.417322835,3.11569706359428
0.84,0.351181102,0.417322835,3.90583437300996
0.89,0.351181102,0.417322835,4.77043932138721
0.09,0.451181102,0.417322835,4.3204196008928
0.14,0.451181102,0.417322835,3.73150510993665
0.19,0.451181102,0.417322835,3.18177432857313
0.24,0.451181102,0.417322835,2.71041096639488
0.29,0.451181102,0.417322835,2.35659873299454
0.34,0.451181102,0.417322835,2.14285634887024
0.39,0.451181102,0.417322835,2.02504257814207
0.44,0.451181102,0.417322835,1.94235119583564
0.49,0.451181102,0.417322835,1.83397597697652
0.54,0.451181102,0.417322835,1.66526009314329
0.59,0.451181102,0.417322835,1.50614430212632
0.64,0.451181102,0.417322835,1.45271875826897
0.69,0.451181102,0.417322835,1.60107361591459
0.74,0.451181102,0.417322835,2.01887273052237
0.79,0.451181102,0.417322835,2.66007476201488
0.84,0.451181102,0.417322835,3.45021207143055
0.89,0.451181102,0.417322835,4.3148170198078
0.09,0.551181102,0.417322835,3.83153035451608
0.14,0.551181102,0.417322835,3.24261586355993
0.19,0.551181102,0.417322835,2.69288508219641
0.24,0.551181102,0.417322835,2.22152172001816
0.29,0.551181102,0.417322835,1.86770948661782
0.34,0.551181102,0.417322835,1.65396710249352
0.39,0.551181102,0.417322835,1.53615333176535
0.44,0.551181102,0.417322835,1.45346194945892
0.49,0.551181102,0.417322835,1.3450867305998
0.54,0.551181102,0.417322835,1.17637084676657
0.59,0.551181102,0.417322835,1.0172550557496
0.64,0.551181102,0.417322835,0.963829511892253
0.69,0.551181102,0.417322835,1.11218436953787
0.74,0.551181102,0.417322835,1.52998348414565
0.79,0.551181102,0.417322835,2.17118551563816
0.84,0.551181102,0.417322835,2.96132282505383
0.89,0.551181102,0.417322835,3.82592777343108
